Feature,feature_base,N_subjects,N_rows,N_responder_rows,beta_off_on,p_off_on,beta_responder_vs_non_on,p_responder_vs_non_on,beta_responder_vs_non_off,p_responder_vs_non_off,beta_off_on_responder,p_off_on_responder,beta_interaction,p_interaction,converged,lmm_spec,p_interaction_FDR,Metric_Group,p_off_on_FDR,p_responder_vs_non_on_FDR,p_responder_vs_non_off_FDR,p_off_on_responder_FDR,interaction_significant_FDR
counts_CAP-2,counts_CAP-2,235,470,284,2.2869596823995,0.0005852484291046789,1.0119985512895002,0.1288668650151954,-1.398352080798649,0.035543017957533785,-0.12339094968864917,0.8180861978743184,-2.410350632088149,0.004685774709015433,True,Condition_encoded+Responder_encoded+Interaction+Gender_centered+Age_centered+Years_of_Education_centered+Mean_FD_centered,0.032800422963108034,counts,0.003418261263755995,0.5798913827889801,0.2488011257027365,0.8471557935353822,Yes
transition_probability_5.2,transition_probability_5.2,235,470,284,0.01304072479810258,0.021392163343129544,0.004944149501968578,0.34253677079999223,-0.012839892178524234,0.013546345031566265,-0.004743316882390231,0.2997836227220987,-0.017784041680492812,0.014422054748558732,True,Condition_encoded+Responder_encoded+Interaction+Gender_centered+Age_centered+Years_of_Education_centered+Mean_FD_centered,0.43988933640855005,transition_probability,0.1349421360465641,0.9332762993828576,0.43487935505992475,0.5065309487373392,No
transition_probability_6.2,transition_probability_6.2,235,470,284,0.016800678680239732,0.010513325693943809,0.005646921902952932,0.3494754237905311,-0.014285513188519875,0.017750177757547947,-0.003131756411233075,0.5546267673395215,-0.019932435091472807,0.017954666792185714,True,Condition_encoded+Responder_encoded+Interaction+Gender_centered+Age_centered+Years_of_Education_centered+Mean_FD_centered,0.43988933640855005,transition_probability,0.11759738387004046,0.9332762993828576,0.43487935505992475,0.6968387589650399,No
temporal_fraction_CAP-2,temporal_fraction_CAP-2,235,470,284,0.009419527972012188,0.04227410428433287,0.0033114144799960316,0.4903133110999658,-0.01056910065553988,0.02740044981149703,-0.004460987163523724,0.2329312499614722,-0.013880515135535912,0.01948323808380903,True,Condition_encoded+Responder_encoded+Interaction+Gender_centered+Age_centered+Years_of_Education_centered+Mean_FD_centered,0.1363826665866632,temporal,0.0687565949185279,0.8287787451774347,0.1918031486804792,0.32610374994606106,No
transition_probability_1.3,transition_probability_1.3,235,470,284,0.011347888141151076,0.022031369150459446,0.008560881125770695,0.08596435437109573,-0.0053395046695894465,0.2833179606902205,-0.002552497654209066,0.5230762942994689,-0.013900385795360142,0.028605342472394657,True,Condition_encoded+Responder_encoded+Interaction+Gender_centered+Age_centered+Years_of_Education_centered+Mean_FD_centered,0.4672205937157794,transition_probability,0.1349421360465641,0.8759246825218956,0.9477061191829129,0.6744931163335257,No
transition_probability_3.5,transition_probability_3.5,235,470,284,-0.004116123014960905,0.45118673994941183,-0.011878259567258019,0.025202526006576242,0.0013197076084271366,0.8032708647924551,0.00908184416072425,0.03934891239583216,0.013197967175685155,0.059486869377909146,True,Condition_encoded+Responder_encoded+Interaction+Gender_centered+Age_centered+Years_of_Education_centered+Mean_FD_centered,0.7287141498793871,transition_probability,0.599285058970775,0.8759246825218956,0.9477061191829129,0.19280967073957758,No
transition_probability_7.1,transition_probability_7.1,235,470,284,-0.009797727450744477,0.06450680036523826,-0.005159229399234223,0.2948544954824177,0.006672643256364333,0.17475257516125686,0.0020341452048540792,0.6344002541901586,0.011831872655598557,0.08172444129557155,True,Condition_encoded+Responder_encoded+Interaction+Gender_centered+Age_centered+Years_of_Education_centered+Mean_FD_centered,0.8008995246966012,transition_probability,0.22438761237382115,0.9332762993828576,0.9477061191829129,0.7329040257103024,No
temporal_fraction_CAP-5,temporal_fraction_CAP-5,235,470,284,0.011033476321025389,0.049111853513234216,-0.0023672124410267733,0.7281003601266458,0.009058269581227836,0.18256521396174263,0.022458958343279996,6.505961691605222e-07,0.011425482022254609,0.111028469786419,True,Condition_encoded+Responder_encoded+Interaction+Gender_centered+Age_centered+Years_of_Education_centered+Mean_FD_centered,0.3407372363800052,temporal,0.0687565949185279,0.8287787451774347,0.6389782488660992,4.5541731841236555e-06,No
transition_probability_3.1,transition_probability_3.1,235,470,284,0.006405132340652865,0.2010860124974958,0.004182937992279894,0.377511554743446,-0.005556458033851208,0.2402822328938834,-0.0033342636854782363,0.4095298247587904,-0.009739396026131102,0.12949265401040533,True,Condition_encoded+Responder_encoded+Interaction+Gender_centered+Age_centered+Years_of_Education_centered+Mean_FD_centered,0.9106648672939904,transition_probability,0.4105506088490539,0.9332762993828576,0.9477061191829129,0.6173979338538557,No
transition_probability_3.4,transition_probability_3.4,235,470,284,0.013618304934671362,0.0038246703433848506,0.009524575930801926,0.03620255586189858,0.0004406330636414369,0.9226677654887216,0.004534362067510874,0.23263620959185083,-0.009083942867160489,0.13234143354859906,True,Condition_encoded+Responder_encoded+Interaction+Gender_centered+Age_centered+Years_of_Education_centered+Mean_FD_centered,0.9106648672939904,transition_probability,0.06246961560861923,0.8759246825218956,0.9477061191829129,0.5065309487373392,No
counts_CAP-7,counts_CAP-7,235,470,284,-1.8770105829072188,0.014186170406542242,-0.8240624037087457,0.2982793831034729,0.6143199164154408,0.4372652843364382,-0.43862826278303224,0.4772162269573861,1.4383823201241865,0.1423494356843913,True,Condition_encoded+Responder_encoded+Interaction+Gender_centered+Age_centered+Years_of_Education_centered+Mean_FD_centered,0.4296462722986263,counts,0.024825798211448924,0.5798913827889801,0.8202265183700287,0.6681027177403405,No
temporal_fraction_CAP-3,temporal_fraction_CAP-3,235,470,284,0.00689426180303496,0.14619038189049682,0.004871206176229219,0.33301546024466,-0.003961761904404534,0.4302359075960931,-0.001938706277598793,0.6122245222746239,-0.008832968080633753,0.14603024416285937,True,Condition_encoded+Responder_encoded+Interaction+Gender_centered+Age_centered+Years_of_Education_centered+Mean_FD_centered,0.3407372363800052,temporal,0.17055544553891297,0.8287787451774347,0.8264783642780726,0.6122245222746239,No
transition_probability_3.7,transition_probability_3.7,235,470,284,-0.007477369328240981,0.21868292591254113,-0.008610856742398336,0.13393952490723615,0.00264627253076361,0.6445241721057882,0.003779759944920965,0.44099852418132546,0.011257129273161946,0.14867997833371271,True,Condition_encoded+Responder_encoded+Interaction+Gender_centered+Age_centered+Years_of_Education_centered+Mean_FD_centered,0.9106648672939904,transition_probability,0.4286185347885806,0.8759246825218956,0.9477061191829129,0.6173979338538557,No
persistence_CAP-5,persistence_CAP-5,235,470,284,-0.018059171659031144,0.8504248396339762,0.08620619338855603,0.35521430345985494,0.2542040405369088,0.00631288383906381,0.14993867548932163,0.05228841819956265,0.16799784714835278,0.1711329775998185,True,Condition_encoded+Responder_encoded+Interaction+Gender_centered+Age_centered+Years_of_Education_centered+Mean_FD_centered,0.7107018177399875,persistence,0.8504248396339762,0.8288333747396616,0.04419018687344667,0.12200630913231285,No
counts_CAP-3,counts_CAP-3,235,470,284,1.1844759466711696,0.06321692956626279,0.05620871622306239,0.9290009938247379,-1.0291312794394765,0.10219747390216449,0.09913595100863071,0.8471557935353822,-1.085339995662539,0.18413411669941127,True,Condition_encoded+Responder_encoded+Interaction+Gender_centered+Age_centered+Years_of_Education_centered+Mean_FD_centered,0.4296462722986263,counts,0.07375308449397326,0.9491415737114561,0.3576911586575757,0.8471557935353822,No
transition_probability_2.3,transition_probability_2.3,235,470,284,-0.0026898529233534605,0.4863862527958105,-0.004293864627120453,0.22669146980561283,0.0020164877182188333,0.5695785791780485,0.003620499421985826,0.24576308650967582,0.006310352345339287,0.20296575460360722,True,Condition_encoded+Responder_encoded+Interaction+Gender_centered+Age_centered+Years_of_Education_centered+Mean_FD_centered,0.9296470464327363,transition_probability,0.6271822733419662,0.9332762993828576,0.9477061191829129,0.5065309487373392,No
temporal_fraction_CAP-6,temporal_fraction_CAP-6,235,470,284,-0.02299887214299035,2.644515361138744e-06,-0.003594232478958234,0.5137804600432805,0.0039489419797518865,0.4722733510160415,-0.015455697684280229,8.934533666571376e-05,0.00754317445871012,0.22871432432544747,True,Condition_encoded+Responder_encoded+Interaction+Gender_centered+Age_centered+Years_of_Education_centered+Mean_FD_centered,0.4002500675695331,temporal,1.8511607527971208e-05,0.8287787451774347,0.8264783642780726,0.00020847245221999877,No
transition_probability_4.6,transition_probability_4.6,235,470,284,-0.011663104445856472,0.034012989769184765,-0.004960204865974466,0.3266305169800652,0.0031156404463526096,0.5371269096390634,-0.0035872591335293965,0.41920978464279446,0.008075845312327076,0.2524351368046234,True,Condition_encoded+Responder_encoded+Interaction+Gender_centered+Age_centered+Years_of_Education_centered+Mean_FD_centered,0.9296470464327363,transition_probability,0.161076367557891,0.9332762993828576,0.9477061191829129,0.6173979338538557,No
transition_probability_3.2,transition_probability_3.2,235,470,284,0.0027713374570781926,0.4073152350259228,0.0031525874929541624,0.3188016215062852,-0.0017437345181770332,0.5807072276378769,-0.002124984554053003,0.43108175583872166,-0.004896322011131196,0.25356309096570495,True,Condition_encoded+Responder_encoded+Interaction+Gender_centered+Age_centered+Years_of_Education_centered+Mean_FD_centered,0.9296470464327363,transition_probability,0.587013132831477,0.9332762993828576,0.9477061191829129,0.6173979338538557,No
transition_probability_5.7,transition_probability_5.7,235,470,284,-0.006819273781460406,0.15553347463988043,-0.005259461829121866,0.2781565060431592,0.0017297185261965107,0.7208639458964994,0.00016990657385797074,0.9650023309822822,0.0069891803553183765,0.25595268289173756,True,Condition_encoded+Responder_encoded+Interaction+Gender_centered+Age_centered+Years_of_Education_centered+Mean_FD_centered,0.9296470464327363,transition_probability,0.3464465623533904,0.9332762993828576,0.9477061191829129,0.9650023309822822,No
transition_probability_4.7,transition_probability_4.7,235,470,284,-0.008124685241994745,0.14021638551534577,0.0027161055485161365,0.5916226478571374,0.009940064070061561,0.049228148951178996,-0.0009007267204493201,0.8394596408005175,0.007223958521545425,0.30654563214125874,True,Condition_encoded+Responder_encoded+Interaction+Gender_centered+Age_centered+Years_of_Education_centered+Mean_FD_centered,0.9296470464327363,transition_probability,0.3464465623533904,0.9332762993828576,0.44749721597893627,0.870086631158439,No
transition_frequency,transition_frequency,235,470,284,4.344614888462044,0.06479798252534597,1.0259875032295769,0.6521730989812449,-2.0042693642926737,0.3777356774477856,1.3143580209397938,0.488665700637533,-3.0302568675222505,0.3150309287551989,True,Condition_encoded+Responder_encoded+Interaction+Gender_centered+Age_centered+Years_of_Education_centered+Mean_FD_centered,0.3150309287551989,transition_frequency,0.06479798252534597,0.6521730989812449,0.3777356774477856,0.488665700637533,No
persistence_CAP-6,persistence_CAP-6,235,470,284,-0.2629253491327962,0.0014104814376336705,-0.07741536037868517,0.31670428843806686,0.02669856530110154,0.729424655890154,-0.15881142345300947,0.01687577765771553,0.10411392567978671,0.32421754834311245,True,Condition_encoded+Responder_encoded+Interaction+Gender_centered+Age_centered+Years_of_Education_centered+Mean_FD_centered,0.7107018177399875,persistence,0.009873370063435694,0.8288333747396616,0.8397891227270193,0.05906522180200435,No
transition_probability_2.5,transition_probability_2.5,235,470,284,0.01746566157052349,0.00353718587815699,0.0026468907581866656,0.6701562136410222,-0.004819508613329507,0.4371696616077554,0.009999262199007318,0.03835259455694717,-0.007466399371516172,0.33036542046250617,True,Condition_encoded+Responder_encoded+Interaction+Gender_centered+Age_centered+Years_of_Education_centered+Mean_FD_centered,0.9296470464327363,transition_probability,0.06246961560861923,0.9332762993828576,0.9477061191829129,0.19280967073957758,No
transition_probability_5.4,transition_probability_5.4,235,470,284,-0.0008157011901944601,0.15454339241746595,-0.0009226360546534734,0.07977192208904382,-0.0002179725608801935,0.6784379191254943,-0.00011103769642118019,0.810258645610954,0.0007046634937732799,0.33762084362294686,True,Condition_encoded+Responder_encoded+Interaction+Gender_centered+Age_centered+Years_of_Education_centered+Mean_FD_centered,0.9296470464327363,transition_probability,0.3464465623533904,0.8759246825218956,0.9477061191829129,0.870086631158439,No
transition_probability_6.6,transition_probability_6.6,235,470,284,-0.04051019778805104,0.002504293563300397,-0.010954397206267315,0.38320471969196124,0.005154995432627646,0.6810362160746233,-0.024400805149156077,0.024064333126553317,0.01610939263889496,0.34856101743461787,True,Condition_encoded+Responder_encoded+Interaction+Gender_centered+Age_centered+Years_of_Education_centered+Mean_FD_centered,0.9296470464327363,transition_probability,0.06246961560861923,0.9332762993828576,0.9477061191829129,0.19280967073957758,No
transition_probability_5.6,transition_probability_5.6,235,470,284,-0.0058883195358559685,0.07784876347663183,-0.0021771479062084806,0.49550144662686124,0.0017246425028417433,0.5885935083855565,-0.0019865291268057446,0.4609430718018046,0.003901790409050224,0.36208404561072305,True,Condition_encoded+Responder_encoded+Interaction+Gender_centered+Age_centered+Years_of_Education_centered+Mean_FD_centered,0.9296470464327363,transition_probability,0.22438761237382115,0.9332762993828576,0.9477061191829129,0.6273947366191229,No
transition_probability_5.5,transition_probability_5.5,235,470,284,0.005296675425236728,0.5900307832700276,0.008419348326753546,0.37738129273623944,0.019776756637884196,0.037785566210457144,0.01665408373636738,0.035742146593434,0.011357408311130652,0.36744819581958366,True,Condition_encoded+Responder_encoded+Interaction+Gender_centered+Age_centered+Years_of_Education_centered+Mean_FD_centered,0.9296470464327363,transition_probability,0.7191815737924155,0.9332762993828576,0.44749721597893627,0.19280967073957758,No
persistence_CAP-7,persistence_CAP-7,235,470,284,-0.10929786554378505,0.1622790686954032,0.01832484083560829,0.8100793049630179,-0.07023087445211737,0.3561721522083632,-0.19785358083151072,0.0017145410003918116,-0.08855571528772566,0.377069669055655,True,Condition_encoded+Responder_encoded+Interaction+Gender_centered+Age_centered+Years_of_Education_centered+Mean_FD_centered,0.7107018177399875,persistence,0.5679767404339112,0.8508791292631455,0.8310683551528475,0.012001787002742681,No
transition_probability_1.7,transition_probability_1.7,235,470,284,-0.011642085274759413,0.03616000088034288,-0.008022243574135812,0.1430081114321462,-0.0018113887612836912,0.7404129993742943,-0.005431230461907292,0.22564627316887242,0.006210854812852121,0.3831791785575298,True,Condition_encoded+Responder_encoded+Interaction+Gender_centered+Age_centered+Years_of_Education_centered+Mean_FD_centered,0.9296470464327363,transition_probability,0.161076367557891,0.8759246825218956,0.9477061191829129,0.5065309487373392,No
transition_probability_4.1,transition_probability_4.1,235,470,284,0.0010998797200374888,0.8190546128947009,0.0023027192493551923,0.6037014916641106,-0.0029879087751755224,0.4998901989429263,-0.004190748304493226,0.28019423708118696,-0.005290628024530715,0.39091350600550734,True,Condition_encoded+Responder_encoded+Interaction+Gender_centered+Age_centered+Years_of_Education_centered+Mean_FD_centered,0.9296470464327363,transition_probability,0.8724712180834857,0.9332762993828576,0.9477061191829129,0.5065309487373392,No
temporal_fraction_CAP-7,temporal_fraction_CAP-7,235,470,284,-0.02057603395310413,0.0001483298197728633,-0.005317693146746412,0.367195751489267,0.0003307085066305924,0.9551933989239945,-0.014927632299727127,0.0006369379256927488,0.005648401653377004,0.4159403093418961,True,Condition_encoded+Responder_encoded+Interaction+Gender_centered+Age_centered+Years_of_Education_centered+Mean_FD_centered,0.5823164330786544,temporal,0.0005191543692050216,0.8287787451774347,0.9551933989239945,0.0011146413699623103,No
transition_probability_4.2,transition_probability_4.2,235,470,284,0.0003723028318408708,0.9438028374885903,-0.005084135155963721,0.3190989432041529,-0.010366321064513915,0.0418526810326858,-0.004909883076709322,0.24923557111676287,-0.005282185908550193,0.43530622117127216,True,Condition_encoded+Responder_encoded+Interaction+Gender_centered+Age_centered+Years_of_Education_centered+Mean_FD_centered,0.9296470464327363,transition_probability,0.9438028374885903,0.9332762993828576,0.44749721597893627,0.5065309487373392,No
transition_probability_2.6,transition_probability_2.6,235,470,284,-0.007314367135531829,0.17679845610257106,-0.000582877542926646,0.9124391395246556,0.004707616465904788,0.37362652437430266,-0.002023873126700395,0.6431606756233266,0.0052904940088314345,0.4459379924979694,True,Condition_encoded+Responder_encoded+Interaction+Gender_centered+Age_centered+Years_of_Education_centered+Mean_FD_centered,0.9296470464327363,transition_probability,0.37665758039243397,0.9332762993828576,0.9477061191829129,0.7329040257103024,No
counts_CAP-4,counts_CAP-4,235,470,284,2.3735018361900138,0.0009766460753588557,0.6055316075665486,0.4142081305635572,-0.05632933413633201,0.9393427633362086,1.7116408944871333,0.003189427873588224,-0.6618609417028806,0.4729352585220983,True,Condition_encoded+Responder_encoded+Interaction+Gender_centered+Age_centered+Years_of_Education_centered+Mean_FD_centered,0.6753764837968804,counts,0.003418261263755995,0.5798913827889801,0.9705679110535095,0.011162997557558785,No
transition_probability_1.6,transition_probability_1.6,235,470,284,-0.013452866406474827,0.016397850252275692,0.0012299498427530873,0.8203958404748448,0.006301427372985617,0.24393250300866343,-0.008381388876242298,0.06385089845080705,0.00507147753023253,0.4803474335482196,True,Condition_encoded+Responder_encoded+Interaction+Gender_centered+Age_centered+Years_of_Education_centered+Mean_FD_centered,0.9296470464327363,transition_probability,0.13391577706025148,0.9332762993828576,0.9477061191829129,0.25312787678180004,No
transition_probability_7.3,transition_probability_7.3,235,470,284,0.006215477435853723,0.284264372457558,-0.0015124721166393986,0.7935338070851268,-0.006741121538855252,0.24256304363074976,0.0009868280136378698,0.8330653863203226,-0.005228649422215854,0.48213248672357767,True,Condition_encoded+Responder_encoded+Interaction+Gender_centered+Age_centered+Years_of_Education_centered+Mean_FD_centered,0.9296470464327363,transition_probability,0.43527982032563567,0.9332762993828576,0.9477061191829129,0.870086631158439,No
counts_CAP-1,counts_CAP-1,235,470,284,0.19279467833012998,0.822804047594289,0.8060917672764838,0.33787868901079365,0.030978054939741706,0.9705679110535095,-0.5823190340066121,0.401767592035565,-0.7751137123367421,0.48241177414062886,True,Condition_encoded+Responder_encoded+Interaction+Gender_centered+Age_centered+Years_of_Education_centered+Mean_FD_centered,0.6753764837968804,counts,0.822804047594289,0.5798913827889801,0.9705679110535095,0.6681027177403405,No
persistence_CAP-3,persistence_CAP-3,235,470,284,0.015199505500550431,0.830758661636432,0.07538531571484822,0.27185694843682784,0.013845669729599212,0.8397891227270193,-0.046340140484698575,0.4193077970475878,-0.061539645985249004,0.49967281266336094,True,Condition_encoded+Responder_encoded+Interaction+Gender_centered+Age_centered+Years_of_Education_centered+Mean_FD_centered,0.7107018177399875,persistence,0.8504248396339762,0.8288333747396616,0.8397891227270193,0.4193077970475878,No
transition_probability_7.7,transition_probability_7.7,235,470,284,-0.01286442798422889,0.2789371066348365,0.0034120631323876723,0.7702133910283882,-0.006810311052707166,0.5591899591758729,-0.02308680216932373,0.01601047706971781,-0.010222374185094838,0.5020673474701727,True,Condition_encoded+Responder_encoded+Interaction+Gender_centered+Age_centered+Years_of_Education_centered+Mean_FD_centered,0.9296470464327363,transition_probability,0.43527982032563567,0.9332762993828576,0.9477061191829129,0.19280967073957758,No
transition_probability_4.5,transition_probability_4.5,235,470,284,-0.0006674413124550497,0.25020984066133334,-8.965696820585904e-05,0.8667518975234332,0.00040838163755682643,0.4439614018057556,-0.00016940270669236427,0.717678062972035,0.0004980386057626855,0.5035192078779889,True,Condition_encoded+Responder_encoded+Interaction+Gender_centered+Age_centered+Years_of_Education_centered+Mean_FD_centered,0.9296470464327363,transition_probability,0.43527982032563567,0.9332762993828576,0.9477061191829129,0.7992323883097662,No
transition_probability_6.7,transition_probability_6.7,235,470,284,-0.0016127515116612493,0.07468527858600904,-0.00033487798553604305,0.6919449617811306,0.0004039399654349207,0.6321191870185254,-0.0008739335606902856,0.23138183040471239,0.0007388179509709638,0.5242888269719039,True,Condition_encoded+Responder_encoded+Interaction+Gender_centered+Age_centered+Years_of_Education_centered+Mean_FD_centered,0.9296470464327363,transition_probability,0.22438761237382115,0.9332762993828576,0.9477061191829129,0.5065309487373392,No
persistence_CAP-2,persistence_CAP-2,235,470,284,-0.020653418106456836,0.71462426866667,-0.01041376606518943,0.8508791292631455,-0.05241049301140636,0.34321482235178347,-0.06265014505267377,0.16915003985637078,-0.04199672694621693,0.561860964867746,True,Condition_encoded+Responder_encoded+Interaction+Gender_centered+Age_centered+Years_of_Education_centered+Mean_FD_centered,0.7107018177399875,persistence,0.8504248396339762,0.8508791292631455,0.8310683551528475,0.2792906989256343,No
transition_probability_2.7,transition_probability_2.7,235,470,284,-0.013136539151408227,0.011999733047963312,-0.0014686408573062904,0.7818512915578724,0.0020594592150374414,0.6972687620456097,-0.009608439079064494,0.022701423109640073,0.003528100072343732,0.5984955807745642,True,Condition_encoded+Responder_encoded+Interaction+Gender_centered+Age_centered+Years_of_Education_centered+Mean_FD_centered,0.9296470464327363,transition_probability,0.11759738387004046,0.9332762993828576,0.9477061191829129,0.19280967073957758,No
transition_probability_5.3,transition_probability_5.3,235,470,284,-0.002793779583170046,0.6041258337651254,-0.0032430751414926017,0.5125824323765822,-0.006829670319696256,0.16719247606033627,-0.0063803747613737,0.14239106147762293,-0.0035865951782036542,0.6037977304356539,True,Condition_encoded+Responder_encoded+Interaction+Gender_centered+Age_centered+Years_of_Education_centered+Mean_FD_centered,0.9296470464327363,transition_probability,0.7191815737924155,0.9332762993828576,0.9477061191829129,0.46514413416023487,No
persistence_CAP-4,persistence_CAP-4,235,470,284,0.033058978584450276,0.742772164407733,-0.025189445111230915,0.7855700368354968,0.04086531921791983,0.6584101081501066,0.09911374291360103,0.2228549218235516,0.06605476432915075,0.609172986634275,True,Condition_encoded+Responder_encoded+Interaction+Gender_centered+Age_centered+Years_of_Education_centered+Mean_FD_centered,0.7107018177399875,persistence,0.8504248396339762,0.8508791292631455,0.8397891227270193,0.2792906989256343,No
transition_probability_2.2,transition_probability_2.2,235,470,284,-0.0052415270848305395,0.6243808262689312,-0.0023371779246645526,0.8246435692392764,-0.009334516323999687,0.37532701598230034,-0.012238865484165674,0.15638284533398217,-0.006997338399335135,0.6100434866076745,True,Condition_encoded+Responder_encoded+Interaction+Gender_centered+Age_centered+Years_of_Education_centered+Mean_FD_centered,0.9296470464327363,transition_probability,0.7191815737924155,0.9332762993828576,0.9477061191829129,0.47892246383532044,No
transition_probability_6.3,transition_probability_6.3,235,470,284,0.008936045293900678,0.23472758807529592,0.002945849381179595,0.669965506967894,-0.0017720841772801352,0.7973315964052516,0.004218111735440948,0.4871227309454267,-0.00471793355845973,0.6247496954426399,True,Condition_encoded+Responder_encoded+Interaction+Gender_centered+Age_centered+Years_of_Education_centered+Mean_FD_centered,0.9296470464327363,transition_probability,0.43527982032563567,0.9332762993828576,0.9477061191829129,0.6451084815223219,No
transition_probability_7.5,transition_probability_7.5,235,470,284,0.005737345943768392,0.352379834785125,-0.0005066390006346687,0.9332762993828576,0.0033129672795202984,0.5833862419662696,0.00955695222392336,0.05482319654407819,0.003819606280154967,0.629075866579055,True,Condition_encoded+Responder_encoded+Interaction+Gender_centered+Age_centered+Years_of_Education_centered+Mean_FD_centered,0.9296470464327363,transition_probability,0.5232306637718523,0.9332762993828576,0.9477061191829129,0.24421242096907558,No
transition_probability_2.1,transition_probability_2.1,235,470,284,0.0035775497016478676,0.44900921765706037,0.0067543370637906,0.13698468602690506,0.003886506531529834,0.39133086521663385,0.0007097191693871013,0.8523297611347973,-0.0028678305322607663,0.6359319171793851,True,Condition_encoded+Responder_encoded+Interaction+Gender_centered+Age_centered+Years_of_Education_centered+Mean_FD_centered,0.9296470464327363,transition_probability,0.599285058970775,0.8759246825218956,0.9477061191829129,0.870086631158439,No
transition_probability_6.1,transition_probability_6.1,235,470,284,0.0028374583078107233,0.664380985315026,0.004947953542751989,0.43215442806289306,0.008644901062180358,0.16919195340356685,0.0065344058272390915,0.21558227566610721,0.0036969475194283687,0.6592534212336889,True,Condition_encoded+Responder_encoded+Interaction+Gender_centered+Age_centered+Years_of_Education_centered+Mean_FD_centered,0.9296470464327363,transition_probability,0.7398788245553698,0.9332762993828576,0.9477061191829129,0.5065309487373392,No
transition_probability_4.3,transition_probability_4.3,235,470,284,0.006960284164642789,0.15554743615866506,0.003535075256732095,0.45875163719005174,0.0008063474054800708,0.8655634305656763,0.004231556313390764,0.284517813593427,-0.0027287278512520244,0.6640336045948116,True,Condition_encoded+Responder_encoded+Interaction+Gender_centered+Age_centered+Years_of_Education_centered+Mean_FD_centered,0.9296470464327363,transition_probability,0.3464465623533904,0.9332762993828576,0.9477061191829129,0.5065309487373392,No
temporal_fraction_CAP-1,temporal_fraction_CAP-1,235,470,284,-0.001684554730778351,0.7809461949065979,0.0015756022616290717,0.7941832468196774,-0.0016743947405435322,0.7812129724987593,-0.004934551732950955,0.3125283307455482,-0.003249997002172604,0.6754748436660882,True,Condition_encoded+Responder_encoded+Interaction+Gender_centered+Age_centered+Years_of_Education_centered+Mean_FD_centered,0.7880539842771029,temporal,0.7809461949065979,0.8287787451774347,0.9114151345818859,0.36461638586980627,No
counts_CAP-6,counts_CAP-6,235,470,284,-1.6737334467782095,0.020661722967527885,0.04960826147771977,0.9491415737114561,0.4109607089255821,0.5965261544934097,-1.312380999330347,0.024365837150259306,0.3613524474478623,0.6963967959879938,True,Condition_encoded+Responder_encoded+Interaction+Gender_centered+Age_centered+Years_of_Education_centered+Mean_FD_centered,0.8124629286526595,counts,0.028926412154539036,0.9491415737114561,0.8351366162907736,0.05685362001727172,No
transition_probability_6.5,transition_probability_6.5,235,470,284,0.0014485501269838432,0.8027281007569522,-0.0010034966206619387,0.8584471256791799,0.001771173099139145,0.7525022163208348,0.004223219846784927,0.36665429411892836,0.0027746697198010838,0.7089351045126784,True,Condition_encoded+Responder_encoded+Interaction+Gender_centered+Age_centered+Years_of_Education_centered+Mean_FD_centered,0.9341625044747023,transition_probability,0.8724712180834857,0.9332762993828576,0.9477061191829129,0.5795503358654028,No
transition_probability_2.4,transition_probability_2.4,235,470,284,0.0073046418085857675,0.13272945562637917,-0.0007399616601900124,0.8777824355727022,0.001481990691713197,0.7576706528117647,0.009526594160488977,0.01506781617142483,0.0022219523519032094,0.7212248765679643,True,Condition_encoded+Responder_encoded+Interaction+Gender_centered+Age_centered+Years_of_Education_centered+Mean_FD_centered,0.9341625044747023,transition_probability,0.3464465623533904,0.9332762993828576,0.9477061191829129,0.19280967073957758,No
transition_probability_1.4,transition_probability_1.4,235,470,284,0.0067793269655654935,0.27506669552721297,-0.003253580719958572,0.6134388962704462,-0.000865196491680376,0.8929405258648409,0.00916771119384369,0.06715637547272246,0.002388384228278196,0.7640370183532472,True,Condition_encoded+Responder_encoded+Interaction+Gender_centered+Age_centered+Years_of_Education_centered+Mean_FD_centered,0.9341625044747023,transition_probability,0.43527982032563567,0.9332762993828576,0.9477061191829129,0.25312787678180004,No
transition_probability_3.6,transition_probability_3.6,235,470,284,-0.009438126781106733,0.07097796016386937,-0.0030276504989224357,0.5447376326987512,-0.0011520589478915709,0.8174228030542623,-0.0075625352300758685,0.07296744708925984,0.0018755915510308648,0.7795781124678991,True,Condition_encoded+Responder_encoded+Interaction+Gender_centered+Age_centered+Years_of_Education_centered+Mean_FD_centered,0.9341625044747023,transition_probability,0.22438761237382115,0.9332762993828576,0.9477061191829129,0.25538606481240944,No
transition_probability_5.1,transition_probability_5.1,235,470,284,-0.0020788877966601243,0.631118523940283,-0.0017973936249810812,0.678815000193042,-0.003346923380741643,0.439849180132702,-0.0036284175524206866,0.29878402639967927,-0.001549529755760562,0.7800300939606417,True,Condition_encoded+Responder_encoded+Interaction+Gender_centered+Age_centered+Years_of_Education_centered+Mean_FD_centered,0.9341625044747023,transition_probability,0.7191815737924155,0.9332762993828576,0.9477061191829129,0.5065309487373392,No
transition_probability_1.2,transition_probability_1.2,235,470,284,0.004404604894545773,0.4525213710595648,0.008995814281253548,0.11519964468125599,0.010948070950750895,0.05479557746680852,0.006356861564043121,0.17898555224926538,0.001952256669497348,0.7950531340646256,True,Condition_encoded+Responder_encoded+Interaction+Gender_centered+Age_centered+Years_of_Education_centered+Mean_FD_centered,0.9341625044747023,transition_probability,0.599285058970775,0.8759246825218956,0.44749721597893627,0.48723844778966685,No
transition_probability_7.4,transition_probability_7.4,235,470,284,0.010333062644685045,0.03978898488713267,0.004331096823366863,0.39335536578372476,0.002880880749773043,0.5695080548563254,0.008882846571091224,0.028420112982965318,-0.0014502160735938203,0.8218364563842451,True,Condition_encoded+Responder_encoded+Interaction+Gender_centered+Age_centered+Years_of_Education_centered+Mean_FD_centered,0.9341625044747023,transition_probability,0.1624716882891251,0.9332762993828576,0.9477061191829129,0.19280967073957758,No
temporal_fraction_CAP-4,temporal_fraction_CAP-4,235,470,284,0.01768934075379081,0.0016229140009194065,0.0013830938975441269,0.8287787451774347,0.002854624060425846,0.6547130578313094,0.019160870916672526,2.252808941283213e-05,0.0014715301628817187,0.837649213101963,True,Condition_encoded+Responder_encoded+Interaction+Gender_centered+Age_centered+Years_of_Education_centered+Mean_FD_centered,0.837649213101963,temporal,0.0037867993354786154,0.8287787451774347,0.9114151345818859,7.884831294491246e-05,No
transition_probability_3.3,transition_probability_3.3,235,470,284,-0.001762943661552723,0.8752225417369734,0.006656796468217217,0.5415670113754156,0.004045650388014403,0.7101550370220489,-0.0043740897417555375,0.6291561850824772,-0.0026111460802028144,0.8560270264360268,True,Condition_encoded+Responder_encoded+Interaction+Gender_centered+Age_centered+Years_of_Education_centered+Mean_FD_centered,0.9341625044747023,transition_probability,0.893456344689827,0.9332762993828576,0.9477061191829129,0.7329040257103024,No
transition_probability_4.4,transition_probability_4.4,235,470,284,0.012036007347212208,0.2780960196113891,0.0015882869422744793,0.8762527593182103,-0.0009154482414391717,0.9283651779750983,0.009532272163498556,0.2872453831474604,-0.002503735183713651,0.8603674714257261,True,Condition_encoded+Responder_encoded+Interaction+Gender_centered+Age_centered+Years_of_Education_centered+Mean_FD_centered,0.9341625044747023,transition_probability,0.43527982032563567,0.9332762993828576,0.9477061191829129,0.5065309487373392,No
transition_probability_7.2,transition_probability_7.2,235,470,284,0.001212591012492177,0.8374797956267621,-0.0004704022708808054,0.9319651387900376,0.0007561998694377485,0.8906577959372377,0.002439193152810731,0.6091887781238738,0.001226602140318554,0.8714699866199929,True,Condition_encoded+Responder_encoded+Interaction+Gender_centered+Age_centered+Years_of_Education_centered+Mean_FD_centered,0.9341625044747023,transition_probability,0.8731172337385392,0.9332762993828576,0.9477061191829129,0.7329040257103024,No
transition_probability_6.4,transition_probability_6.4,235,470,284,0.012081264680004668,0.0737111246000195,-0.0012596737718483387,0.8415304500253113,8.150663780060949e-05,0.9896608739270112,0.013422445089653616,0.013820357222263935,0.0013411804096489482,0.8769688817517614,True,Condition_encoded+Responder_encoded+Interaction+Gender_centered+Age_centered+Years_of_Education_centered+Mean_FD_centered,0.9341625044747023,transition_probability,0.22438761237382115,0.9332762993828576,0.9896608739270112,0.19280967073957758,No
transition_probability_1.1,transition_probability_1.1,235,470,284,-0.008451837798705323,0.5139605903753037,-0.008402884384707182,0.509968196885235,-0.01040881406678017,0.41357123008135965,-0.010457767480778311,0.31676845206367643,-0.002005929682072989,0.9038035333290491,True,Condition_encoded+Responder_encoded+Interaction+Gender_centered+Age_centered+Years_of_Education_centered+Mean_FD_centered,0.9422632581515619,transition_probability,0.6457453571382021,0.9332762993828576,0.9477061191829129,0.5173884717040048,No
persistence_CAP-1,persistence_CAP-1,235,470,284,-0.05069291593025773,0.4264897678164803,-0.03345309089579705,0.5885596511024298,-0.043269146330682316,0.4833815836816657,-0.060508971365142994,0.23939202765054368,-0.009816055434885266,0.9043880022001682,True,Condition_encoded+Responder_encoded+Interaction+Gender_centered+Age_centered+Years_of_Education_centered+Mean_FD_centered,0.9043880022001682,persistence,0.8504248396339762,0.8508791292631455,0.8397891227270193,0.2792906989256343,No
counts_CAP-5,counts_CAP-5,235,470,284,1.8593645184264895,0.013036791163669736,-0.6783143109608336,0.3948793919730962,-0.5766162169566467,0.4687008676400164,1.9610626124306765,0.0011602557063459251,0.1016980940041869,0.9155524392285708,True,Condition_encoded+Responder_encoded+Interaction+Gender_centered+Age_centered+Years_of_Education_centered+Mean_FD_centered,0.9155524392285708,counts,0.024825798211448924,0.5798913827889801,0.8202265183700287,0.008121789944421476,No
transition_probability_1.5,transition_probability_1.5,235,470,284,0.010961692589245073,0.03264829639640321,0.000859115003921839,0.8660419969593369,0.0011723663737080213,0.8176204523257002,0.011274943959031256,0.006445248546133042,0.0003132513697861822,0.9620060727696682,True,Condition_encoded+Responder_encoded+Interaction+Gender_centered+Age_centered+Years_of_Education_centered+Mean_FD_centered,0.9820478659523697,transition_probability,0.161076367557891,0.9332762993828576,0.9477061191829129,0.19280967073957758,No
transition_probability_7.6,transition_probability_7.6,235,470,284,-0.0008149331808685951,0.25882074730745597,-8.118976727578849e-05,0.9063841780701558,-7.003841621485857e-05,0.9190531136716995,-0.0008037818298076651,0.16748323305061819,1.1151351060929918e-05,0.9903838276313683,True,Condition_encoded+Responder_encoded+Interaction+Gender_centered+Age_centered+Years_of_Education_centered+Mean_FD_centered,0.9903838276313683,transition_probability,0.43527982032563567,0.9332762993828576,0.9477061191829129,0.4827457893811936,No
