Feature,beta_Group,t_value,p_value,F_value,p_F_ancova,N,Metric_Group,p_FDR
counts_CAP-1,-1.7265809410557802,-2.5274762726514326,0.011813924173374499,6.38813630881598,0.011813924173374499,478,counts,0.027565823071207165
counts_CAP-2,0.7661948235826426,1.4833183414138593,0.1386572546521936,2.200233301974762,0.13865725465219367,478,counts,0.1386572546521936
counts_CAP-3,-0.9987389968078539,-1.9973375978648344,0.04636208832056904,3.989357479844468,0.04636208832056904,478,counts,0.06490692364879665
counts_CAP-4,1.91294659582612,3.4300486453730747,0.0006564349120843674,11.765233709625662,0.0006564349120843675,478,counts,0.004595044384590572
counts_CAP-5,1.6405909522147515,2.7331702233014346,0.006508319402077902,7.470219469541613,0.006508319402077902,478,counts,0.022779117907272658
counts_CAP-6,-0.8587308935862881,-1.5308528932133194,0.12647566934107432,2.3435105806595904,0.12647566934107438,478,counts,0.1386572546521936
counts_CAP-7,-1.342182882688456,-2.1983472719996104,0.028409051129991567,4.832730728308131,0.028409051129991546,478,counts,0.049715839477485244
persistence_CAP-1,-0.05477250618992992,-1.175270744087499,0.2404789291633424,1.381261321907984,0.24047892916334232,478,persistence,0.34764843052266364
persistence_CAP-2,-0.05930300879940943,-1.3459888170483647,0.17895223703342708,1.811685895619256,0.17895223703342714,478,persistence,0.34764843052266364
persistence_CAP-3,-0.04939479011922598,-0.9520215575498351,0.34157330109480927,0.9063450460396141,0.3415733010948093,478,persistence,0.3985021846106108
persistence_CAP-4,0.09672994874630156,1.3908567651270434,0.16492419576448142,1.9344825410996633,0.16492419576448145,478,persistence,0.34764843052266364
persistence_CAP-5,0.09981271233321022,1.401555905791816,0.16170511010758834,1.964358957059918,0.16170511010758834,478,persistence,0.34764843052266364
persistence_CAP-6,-0.02874343607971914,-0.499611804792897,0.6175812536933218,0.2496119554884158,0.6175812536933218,478,persistence,0.6175812536933218
persistence_CAP-7,-0.06464051597441436,-1.155866987000511,0.2483203075161883,1.336028491637639,0.24832030751618833,478,persistence,0.34764843052266364
temporal_fraction_CAP-1,-0.011524687014250263,-2.426473674092664,0.015619900986057396,5.887774491064753,0.01561990098605738,478,temporal,0.021867861380480354
temporal_fraction_CAP-2,0.0013330201518347434,0.36102886881390067,0.7182393982176937,0.13034184411704466,0.7182393982176937,478,temporal,0.7182393982176937
temporal_fraction_CAP-3,-0.009686194687490143,-2.4513999639091724,0.01459166478874378,6.009361783053892,0.014591664788743781,478,temporal,0.021867861380480354
temporal_fraction_CAP-4,0.019820998131329846,4.222400357860237,2.9008318736002294e-05,17.828664782058254,2.900831873600237e-05,478,temporal,0.00020305823115201606
temporal_fraction_CAP-5,0.017855861926735283,3.642010392913407,0.00030046961828376646,13.264239702089267,0.0003004696182837664,478,temporal,0.0010516436639931826
temporal_fraction_CAP-6,-0.006341991840042941,-1.5713238542523618,0.11677751808658215,2.4690586549424975,0.11677751808658215,478,temporal,0.1362404377676792
temporal_fraction_CAP-7,-0.011457006668117982,-2.6970506526534126,0.007245942989406831,7.2740822229782,0.007245942989406826,478,temporal,0.01690720030861594
transition_frequency,-0.6065013425148453,-0.3358264841520681,0.7371509440417581,0.11277942745793926,0.7371509440417581,478,transition,0.8190566044908423
transition_probability_1.1,-0.008662833301765429,-0.893818330741774,0.3718746160114351,0.7989112083700112,0.3718746160114353,478,transition,0.6411631310541985
transition_probability_1.2,0.0022362020510004305,0.48342619240368856,0.6290173308075132,0.23370088350192808,0.6290173308075133,478,transition,0.802525385469733
transition_probability_1.3,0.0005009603231461631,0.12426685847582265,0.9011568897935864,0.015442252115450134,0.9011568897935864,478,transition,0.9387050935349859
transition_probability_1.4,0.006519861321623931,1.3860945027291927,0.16637250318550223,1.9212579704960882,0.16637250318550212,478,transition,0.3961250075845291
transition_probability_1.5,0.014274622000292126,3.4488718971160495,0.0006133889672725244,11.894717362716857,0.0006133889672725244,478,transition,0.006706081696514393
transition_probability_1.6,7.140885081404489e-05,0.01812423146158881,0.9855474058886905,0.00032848776607324567,0.9855474058886905,478,transition,0.9855474058886905
transition_probability_1.7,-0.014940221245112878,-3.7919996286445903,0.00016883100235935762,14.37926118364071,0.00016883100235935805,478,transition,0.006121729640613373
transition_probability_2.1,-0.012313609682814839,-3.3729993197157837,0.0008047298035817271,11.37712441080314,0.0008047298035817271,478,transition,0.006706081696514393
transition_probability_2.2,-0.006539193623455897,-0.8000754520296499,0.4240695686826589,0.6401207289404487,0.4240695686826589,478,transition,0.6626087010666545
transition_probability_2.3,0.0014480088898108229,0.5331982479803558,0.594147318108162,0.2843003716493209,0.594147318108162,478,transition,0.7817727869844237
transition_probability_2.4,0.013569901964746488,3.588530211378889,0.0003673037784368024,12.877549077979014,0.0003673037784368024,478,transition,0.006121729640613373
transition_probability_2.5,0.009641982368197008,2.1013740547866293,0.036137695793207365,4.415772918130399,0.0361376957932074,478,transition,0.16426225360548802
transition_probability_2.6,-0.0016571060815356762,-0.436781805224622,0.6624693384268092,0.1907783453752796,0.6624693384268093,478,transition,0.802525385469733
transition_probability_2.7,-0.0041499838349492975,-1.0024241601616783,0.3166523965865868,1.0048541968758462,0.3166523965865868,478,transition,0.6331424403822308
transition_probability_3.1,-0.001486274722070823,-0.42076072222347327,0.6741213237945757,0.1770395853660188,0.6741213237945758,478,transition,0.802525385469733
transition_probability_3.2,0.0010367783986265674,0.42754188780273494,0.6691796660554798,0.18279206582592636,0.6691796660554798,478,transition,0.802525385469733
transition_probability_3.3,-0.006672755932301415,-0.8224931704698211,0.41121158495477117,0.6764950154694981,0.41121158495477117,478,transition,0.6626087010666545
transition_probability_3.4,0.01231132304200604,3.59898586145204,0.00035322947352063583,12.952699230931682,0.00035322947352063583,478,transition,0.006121729640613373
transition_probability_3.5,0.004524539040251507,1.1057518541818432,0.26939722354718765,1.222687163026584,0.26939722354718765,478,transition,0.58564613814606
transition_probability_3.6,-0.0073859989348821035,-2.064325404486667,0.0395326880771529,4.261439375609042,0.0395326880771529,478,transition,0.16471953365480374
transition_probability_3.7,-0.002327610891631355,-0.5351540563852033,0.5927953635926164,0.2863898640655373,0.5927953635926164,478,transition,0.7817727869844237
transition_probability_4.1,-0.012334585263871344,-3.4097066699847667,0.0007061124509228933,11.626099575338607,0.0007061124509228933,478,transition,0.006706081696514393
transition_probability_4.2,0.0021409322157549186,0.603403072730003,0.5465304265765532,0.36409526818000937,0.5465304265765532,478,transition,0.7602433924129688
transition_probability_4.3,0.004018535428473284,1.1260742083150852,0.2607063252805971,1.2680431226324458,0.2607063252805972,478,transition,0.58564613814606
transition_probability_4.4,0.011317249223531032,1.567708624702458,0.11761928238800376,2.4577103319664726,0.11761928238800376,478,transition,0.3463444468870662
transition_probability_4.5,0.00048153897348845505,1.5586760493447833,0.11974329316190388,2.429471026801062,0.11974329316190378,478,transition,0.3463444468870662
transition_probability_4.6,-0.0025387178080076476,-0.6733102803790203,0.5010794551100247,0.4533467336640748,0.5010794551100247,478,transition,0.7592112956212496
transition_probability_4.7,-0.0030849527693701927,-0.8033231608107464,0.42219232248772576,0.6453281006949682,0.42219232248772576,478,transition,0.6626087010666545
transition_probability_5.1,-0.0035200868530350657,-0.9417827270445075,0.34678564940419976,0.8869547049593892,0.3467856494041999,478,transition,0.6411631310541985
transition_probability_5.2,0.0023173284778672497,0.6021322508249448,0.5473752425373375,0.36256324748351415,0.5473752425373376,478,transition,0.7602433924129688
transition_probability_5.3,-0.00943388971686046,-2.6445333420097294,0.00845293006728237,6.993556597001149,0.00845293006728237,478,transition,0.05283081292051481
transition_probability_5.4,0.0003800327195116251,1.000657706524086,0.3175050360642026,1.001315845626044,0.3175050360642026,478,transition,0.6331424403822308
transition_probability_5.5,0.013942279648648912,1.971700697794908,0.04922731798662831,3.8876036416849273,0.04922731798662831,478,transition,0.17980370856231448
transition_probability_5.6,-0.0023383049862797218,-0.9766675266916419,0.32923406899876,0.9538794576939691,0.32923406899876,478,transition,0.6331424403822308
transition_probability_5.7,-0.0013473592898542218,-0.3739314022035217,0.7086232627962307,0.13982469355389196,0.7086232627962307,478,transition,0.8052537077229894
transition_probability_6.1,0.0005137604271973945,0.09942919422668281,0.9208397184572269,0.009886164664567416,0.9208397184572269,478,transition,0.9396323657726805
transition_probability_6.2,-0.0008362683687076903,-0.16997168014383685,0.8651052355424886,0.028890372050918788,0.8651052355424886,478,transition,0.920324718662222
transition_probability_6.3,-0.008957760594010166,-1.6052241948263282,0.10911329548905885,2.5767447156558334,0.10911329548905885,478,transition,0.3463444468870662
transition_probability_6.4,0.007827033881365285,1.5260745782845235,0.12766106918110445,2.3289036184862857,0.1276610691811045,478,transition,0.3463444468870662
transition_probability_6.5,0.005869195049079036,1.4314518409771828,0.1529625520922259,2.0490543730369652,0.15296255209222598,478,transition,0.3824063802305647
transition_probability_6.6,-0.0028886336394096535,-0.28294114422587585,0.7773459976246735,0.08005569109584787,0.7773459976246735,478,transition,0.8449413017659494
transition_probability_6.7,-0.0015273267555155827,-2.3347621052380982,0.01997424319461235,5.451114088055836,0.019974243194612367,478,transition,0.1109680177478464
transition_probability_7.1,-0.00841606352475543,-2.2135665317645246,0.027336024710898132,4.899876790548026,0.027336024710898132,478,transition,0.13668012355449066
transition_probability_7.2,0.0025417665923358774,0.625196925478428,0.5321439565101946,0.3908711956276791,0.5321439565101944,478,transition,0.7602433924129688
transition_probability_7.3,-0.006698210937924473,-1.5103985959667259,0.13161088981708516,2.281303918698257,0.13161088981708516,478,transition,0.3463444468870662
transition_probability_7.4,0.008010038109976404,1.9620397858082397,0.050345038397448055,3.849600121094443,0.050345038397448055,478,transition,0.17980370856231448
transition_probability_7.5,0.012615229377899523,2.6572866716082904,0.008144308763275243,7.061172455107067,0.008144308763275234,478,transition,0.05283081292051481
transition_probability_7.6,-0.00017841305521345839,-0.3956177540912026,0.692565788059246,0.1565134073521673,0.692565788059246,478,transition,0.8052537077229894
transition_probability_7.7,-0.007874346562319917,-0.8939388246410033,0.3718102065382204,0.7991266222005383,0.3718102065382204,478,transition,0.6411631310541985
