Group,CAP,ROI,TemplateValue
All Subjects,CAP-1,A8m_l,0.039418209344148636
All Subjects,CAP-2,A8m_l,-0.2808103561401367
All Subjects,CAP-3,A8m_l,0.24618519842624664
All Subjects,CAP-4,A8m_l,-0.1731080412864685
All Subjects,CAP-5,A8m_l,0.08397246897220612
All Subjects,CAP-6,A8m_l,-0.5791540145874023
All Subjects,CAP-7,A8m_l,0.5350053310394287
All Subjects,CAP-1,A8m_r,-0.2815719544887543
All Subjects,CAP-2,A8m_r,-0.06359505653381348
All Subjects,CAP-3,A8m_r,0.12647226452827454
All Subjects,CAP-4,A8m_r,0.2864689528942108
All Subjects,CAP-5,A8m_r,-0.23025274276733398
All Subjects,CAP-6,A8m_r,-0.6931096911430359
All Subjects,CAP-7,A8m_r,0.7019772529602051
All Subjects,CAP-1,A8dl_l,-0.1445143073797226
All Subjects,CAP-2,A8dl_l,0.04617556929588318
All Subjects,CAP-3,A8dl_l,0.0571155846118927
All Subjects,CAP-4,A8dl_l,-0.8784182667732239
All Subjects,CAP-5,A8dl_l,0.8333321213722229
All Subjects,CAP-6,A8dl_l,-0.4572674334049225
All Subjects,CAP-7,A8dl_l,0.34739431738853455
All Subjects,CAP-1,A8dl_r,-0.4315168559551239
All Subjects,CAP-2,A8dl_r,0.19310231506824493
All Subjects,CAP-3,A8dl_r,0.08746226131916046
All Subjects,CAP-4,A8dl_r,-0.7681655883789062
All Subjects,CAP-5,A8dl_r,0.789268434047699
All Subjects,CAP-6,A8dl_r,-0.36451080441474915
All Subjects,CAP-7,A8dl_r,0.27792975306510925
All Subjects,CAP-1,A9l_l,0.19310644268989563
All Subjects,CAP-2,A9l_l,0.05649615079164505
All Subjects,CAP-3,A9l_l,-0.2084459811449051
All Subjects,CAP-4,A9l_l,-0.9649638533592224
All Subjects,CAP-5,A9l_l,0.8937440514564514
All Subjects,CAP-6,A9l_l,-0.5415114164352417
All Subjects,CAP-7,A9l_l,0.41940218210220337
All Subjects,CAP-1,A9l_r,-0.07469585537910461
All Subjects,CAP-2,A9l_r,0.16087499260902405
All Subjects,CAP-3,A9l_r,-0.17027302086353302
All Subjects,CAP-4,A9l_r,-0.9525724649429321
All Subjects,CAP-5,A9l_r,0.9299829602241516
All Subjects,CAP-6,A9l_r,-0.5792931914329529
All Subjects,CAP-7,A9l_r,0.48545607924461365
All Subjects,CAP-1,A6dl_l,0.031125051900744438
All Subjects,CAP-2,A6dl_l,-0.15009739995002747
All Subjects,CAP-3,A6dl_l,0.09827253967523575
All Subjects,CAP-4,A6dl_l,0.6635004878044128
All Subjects,CAP-5,A6dl_l,-0.608711302280426
All Subjects,CAP-6,A6dl_l,-0.1723482310771942
All Subjects,CAP-7,A6dl_l,0.15885673463344574
All Subjects,CAP-1,A6dl_r,-0.2783071994781494
All Subjects,CAP-2,A6dl_r,-0.03617741912603378
All Subjects,CAP-3,A6dl_r,0.15085545182228088
All Subjects,CAP-4,A6dl_r,0.7215391397476196
All Subjects,CAP-5,A6dl_r,-0.6153542399406433
All Subjects,CAP-6,A6dl_r,-0.1310981661081314
All Subjects,CAP-7,A6dl_r,0.175507053732872
All Subjects,CAP-1,A6m_l,0.2783541977405548
All Subjects,CAP-2,A6m_l,-0.043966710567474365
All Subjects,CAP-3,A6m_l,-0.20783840119838715
All Subjects,CAP-4,A6m_l,0.8763803243637085
All Subjects,CAP-5,A6m_l,-0.7647243142127991
All Subjects,CAP-6,A6m_l,-0.4823032021522522
All Subjects,CAP-7,A6m_l,0.3658789098262787
All Subjects,CAP-1,A6m_r,0.13679754734039307
All Subjects,CAP-2,A6m_r,0.046121321618556976
All Subjects,CAP-3,A6m_r,-0.25173279643058777
All Subjects,CAP-4,A6m_r,1.086389183998108
All Subjects,CAP-5,A6m_r,-0.9123408198356628
All Subjects,CAP-6,A6m_r,-0.4194543957710266
All Subjects,CAP-7,A6m_r,0.34846001863479614
All Subjects,CAP-1,A9m_l,-0.07619874179363251
All Subjects,CAP-2,A9m_l,-0.17744101583957672
All Subjects,CAP-3,A9m_l,0.18197154998779297
All Subjects,CAP-4,A9m_l,-0.7656530141830444
All Subjects,CAP-5,A9m_l,0.6858686804771423
All Subjects,CAP-6,A9m_l,-0.7496193051338196
All Subjects,CAP-7,A9m_l,0.6708368062973022
All Subjects,CAP-1,A9m_r,-0.3628014624118805
All Subjects,CAP-2,A9m_r,0.07549476623535156
All Subjects,CAP-3,A9m_r,0.08140302449464798
All Subjects,CAP-4,A9m_r,-0.6748509407043457
All Subjects,CAP-5,A9m_r,0.6725916266441345
All Subjects,CAP-6,A9m_r,-0.7679133415222168
All Subjects,CAP-7,A9m_r,0.7104042172431946
All Subjects,CAP-1,A10m_l,0.0897984728217125
All Subjects,CAP-2,A10m_l,0.28461310267448425
All Subjects,CAP-3,A10m_l,-0.388709157705307
All Subjects,CAP-4,A10m_l,-0.8703985214233398
All Subjects,CAP-5,A10m_l,0.8480591177940369
All Subjects,CAP-6,A10m_l,-0.5660360455513
All Subjects,CAP-7,A10m_l,0.4462720453739166
All Subjects,CAP-1,A10m_r,-0.061426158994436264
All Subjects,CAP-2,A10m_r,0.3948628008365631
All Subjects,CAP-3,A10m_r,-0.41793885827064514
All Subjects,CAP-4,A10m_r,-0.8388507962226868
All Subjects,CAP-5,A10m_r,0.8635424971580505
All Subjects,CAP-6,A10m_r,-0.5345361232757568
All Subjects,CAP-7,A10m_r,0.423135906457901
All Subjects,CAP-1,A9/46d_l,-0.3970329165458679
All Subjects,CAP-2,A9/46d_l,0.21372090280056
All Subjects,CAP-3,A9/46d_l,-0.015461697243154049
All Subjects,CAP-4,A9/46d_l,0.12252959609031677
All Subjects,CAP-5,A9/46d_l,-0.049143917858600616
All Subjects,CAP-6,A9/46d_l,-0.44145679473876953
All Subjects,CAP-7,A9/46d_l,0.4319906532764435
All Subjects,CAP-1,A9/46d_r,-0.6365938186645508
All Subjects,CAP-2,A9/46d_r,0.261924684047699
All Subjects,CAP-3,A9/46d_r,0.10392620414495468
All Subjects,CAP-4,A9/46d_r,0.09400402009487152
All Subjects,CAP-5,A9/46d_r,0.013794509693980217
All Subjects,CAP-6,A9/46d_r,-0.2616920471191406
All Subjects,CAP-7,A9/46d_r,0.27751070261001587
All Subjects,CAP-1,IFJ_l,0.09737244248390198
All Subjects,CAP-2,IFJ_l,-0.47567543387413025
All Subjects,CAP-3,IFJ_l,0.4470614790916443
All Subjects,CAP-4,IFJ_l,-0.65689617395401
All Subjects,CAP-5,IFJ_l,0.5245347023010254
All Subjects,CAP-6,IFJ_l,-0.31793689727783203
All Subjects,CAP-7,IFJ_l,0.2557201385498047
All Subjects,CAP-1,IFJ_r,-0.2221234291791916
All Subjects,CAP-2,IFJ_r,-0.24082165956497192
All Subjects,CAP-3,IFJ_r,0.3489474356174469
All Subjects,CAP-4,IFJ_r,-0.4418347179889679
All Subjects,CAP-5,IFJ_r,0.39332297444343567
All Subjects,CAP-6,IFJ_r,-0.3097493648529053
All Subjects,CAP-7,IFJ_r,0.32858404517173767
All Subjects,CAP-1,A46_l,-0.34110310673713684
All Subjects,CAP-2,A46_l,-0.024371718987822533
All Subjects,CAP-3,A46_l,0.25067660212516785
All Subjects,CAP-4,A46_l,-0.4073350131511688
All Subjects,CAP-5,A46_l,0.38456687331199646
All Subjects,CAP-6,A46_l,-0.34766948223114014
All Subjects,CAP-7,A46_l,0.3176533579826355
All Subjects,CAP-1,A46_r,-0.5965322256088257
All Subjects,CAP-2,A46_r,0.16669878363609314
All Subjects,CAP-3,A46_r,0.16255809366703033
All Subjects,CAP-4,A46_r,-0.12210999429225922
All Subjects,CAP-5,A46_r,0.18699835240840912
All Subjects,CAP-6,A46_r,-0.3940141201019287
All Subjects,CAP-7,A46_r,0.41199010610580444
All Subjects,CAP-1,A9/46v_l,-0.23868493735790253
All Subjects,CAP-2,A9/46v_l,-0.5145829916000366
All Subjects,CAP-3,A9/46v_l,0.6823000907897949
All Subjects,CAP-4,A9/46v_l,0.08138290047645569
All Subjects,CAP-5,A9/46v_l,-0.14980964362621307
All Subjects,CAP-6,A9/46v_l,-0.24649526178836823
All Subjects,CAP-7,A9/46v_l,0.2809373736381531
All Subjects,CAP-1,A9/46v_r,-0.4670434296131134
All Subjects,CAP-2,A9/46v_r,-0.31388840079307556
All Subjects,CAP-3,A9/46v_r,0.5890425443649292
All Subjects,CAP-4,A9/46v_r,0.3136909008026123
All Subjects,CAP-5,A9/46v_r,-0.3238452672958374
All Subjects,CAP-6,A9/46v_r,-0.2234720140695572
All Subjects,CAP-7,A9/46v_r,0.31978166103363037
All Subjects,CAP-1,A8vl_l,-0.19559665024280548
All Subjects,CAP-2,A8vl_l,-0.20418846607208252
All Subjects,CAP-3,A8vl_l,0.364845871925354
All Subjects,CAP-4,A8vl_l,-0.9184834361076355
All Subjects,CAP-5,A8vl_l,0.8477981090545654
All Subjects,CAP-6,A8vl_l,-0.3821365237236023
All Subjects,CAP-7,A8vl_l,0.27844348549842834
All Subjects,CAP-1,A8vl_r,-0.4478537440299988
All Subjects,CAP-2,A8vl_r,-0.23007237911224365
All Subjects,CAP-3,A8vl_r,0.5309180021286011
All Subjects,CAP-4,A8vl_r,-0.6450774669647217
All Subjects,CAP-5,A8vl_r,0.5941193699836731
All Subjects,CAP-6,A8vl_r,-0.31019893288612366
All Subjects,CAP-7,A8vl_r,0.2980157732963562
All Subjects,CAP-1,A6vl_l,-0.06078348681330681
All Subjects,CAP-2,A6vl_l,-0.39993610978126526
All Subjects,CAP-3,A6vl_l,0.5051061511039734
All Subjects,CAP-4,A6vl_l,-0.4495406448841095
All Subjects,CAP-5,A6vl_l,0.34955164790153503
All Subjects,CAP-6,A6vl_l,-0.11009532958269119
All Subjects,CAP-7,A6vl_l,0.06898564100265503
All Subjects,CAP-1,A6vl_r,-0.4506186544895172
All Subjects,CAP-2,A6vl_r,-0.21702617406845093
All Subjects,CAP-3,A6vl_r,0.5483672618865967
All Subjects,CAP-4,A6vl_r,-0.17777405679225922
All Subjects,CAP-5,A6vl_r,0.14928583800792694
All Subjects,CAP-6,A6vl_r,-0.00046994243166409433
All Subjects,CAP-7,A6vl_r,0.038789860904216766
All Subjects,CAP-1,A10l_l,-1.876825263025239e-05
All Subjects,CAP-2,A10l_l,-0.1777726411819458
All Subjects,CAP-3,A10l_l,0.18179041147232056
All Subjects,CAP-4,A10l_l,-0.7508713006973267
All Subjects,CAP-5,A10l_l,0.6745007038116455
All Subjects,CAP-6,A10l_l,-0.3815695345401764
All Subjects,CAP-7,A10l_l,0.3033381998538971
All Subjects,CAP-1,A10l_r,-0.2979927062988281
All Subjects,CAP-2,A10l_r,-0.0311049222946167
All Subjects,CAP-3,A10l_r,0.21276383101940155
All Subjects,CAP-4,A10l_r,-0.6522892117500305
All Subjects,CAP-5,A10l_r,0.6248045563697815
All Subjects,CAP-6,A10l_r,-0.3585658371448517
All Subjects,CAP-7,A10l_r,0.31920576095581055
All Subjects,CAP-1,A44d_l,0.18556872010231018
All Subjects,CAP-2,A44d_l,-0.5692742466926575
All Subjects,CAP-3,A44d_l,0.46607720851898193
All Subjects,CAP-4,A44d_l,-0.10227091610431671
All Subjects,CAP-5,A44d_l,-0.022367704659700394
All Subjects,CAP-6,A44d_l,-0.3294887840747833
All Subjects,CAP-7,A44d_l,0.3095393776893616
All Subjects,CAP-1,A44d_r,-0.07738708704710007
All Subjects,CAP-2,A44d_r,-0.33763349056243896
All Subjects,CAP-3,A44d_r,0.3371668756008148
All Subjects,CAP-4,A44d_r,0.08435618132352829
All Subjects,CAP-5,A44d_r,-0.12422601878643036
All Subjects,CAP-6,A44d_r,-0.20477847754955292
All Subjects,CAP-7,A44d_r,0.2722177505493164
All Subjects,CAP-1,IFS_l,0.1865110546350479
All Subjects,CAP-2,IFS_l,-0.546619176864624
All Subjects,CAP-3,IFS_l,0.4156542122364044
All Subjects,CAP-4,IFS_l,-0.17562437057495117
All Subjects,CAP-5,IFS_l,0.051021404564380646
All Subjects,CAP-6,IFS_l,-0.36527907848358154
All Subjects,CAP-7,IFS_l,0.36464694142341614
All Subjects,CAP-1,IFS_r,-0.11329351365566254
All Subjects,CAP-2,IFS_r,-0.2882305681705475
All Subjects,CAP-3,IFS_r,0.31085464358329773
All Subjects,CAP-4,IFS_r,0.21946461498737335
All Subjects,CAP-5,IFS_r,-0.25765764713287354
All Subjects,CAP-6,IFS_r,-0.22456413507461548
All Subjects,CAP-7,IFS_r,0.3095773160457611
All Subjects,CAP-1,A45c_l,0.3533723056316376
All Subjects,CAP-2,A45c_l,-0.36516183614730835
All Subjects,CAP-3,A45c_l,0.10287728160619736
All Subjects,CAP-4,A45c_l,-0.491108775138855
All Subjects,CAP-5,A45c_l,0.36486658453941345
All Subjects,CAP-6,A45c_l,-0.6245484948158264
All Subjects,CAP-7,A45c_l,0.5496490597724915
All Subjects,CAP-1,A45c_r,-0.06814104318618774
All Subjects,CAP-2,A45c_r,-0.2298317551612854
All Subjects,CAP-3,A45c_r,0.15906627476215363
All Subjects,CAP-4,A45c_r,-0.1282404363155365
All Subjects,CAP-5,A45c_r,0.10074151307344437
All Subjects,CAP-6,A45c_r,-0.6689721345901489
All Subjects,CAP-7,A45c_r,0.6868549585342407
All Subjects,CAP-1,A45r_l,0.2912066578865051
All Subjects,CAP-2,A45r_l,-0.44883430004119873
All Subjects,CAP-3,A45r_l,0.22966977953910828
All Subjects,CAP-4,A45r_l,-0.5501332879066467
All Subjects,CAP-5,A45r_l,0.41165754199028015
All Subjects,CAP-6,A45r_l,-0.5604113340377808
All Subjects,CAP-7,A45r_l,0.5103130340576172
All Subjects,CAP-1,A45r_r,-0.05042716860771179
All Subjects,CAP-2,A45r_r,-0.21255052089691162
All Subjects,CAP-3,A45r_r,0.10324109345674515
All Subjects,CAP-4,A45r_r,-0.06214570626616478
All Subjects,CAP-5,A45r_r,0.05180726945400238
All Subjects,CAP-6,A45r_r,-0.5922368764877319
All Subjects,CAP-7,A45r_r,0.6423478722572327
All Subjects,CAP-1,A44op_l,0.03310523182153702
All Subjects,CAP-2,A44op_l,-0.1854202151298523
All Subjects,CAP-3,A44op_l,0.06096133217215538
All Subjects,CAP-4,A44op_l,0.3238041400909424
All Subjects,CAP-5,A44op_l,-0.3297460377216339
All Subjects,CAP-6,A44op_l,-0.7123907208442688
All Subjects,CAP-7,A44op_l,0.7101448774337769
All Subjects,CAP-1,A44op_r,-0.27639341354370117
All Subjects,CAP-2,A44op_r,-0.023169435560703278
All Subjects,CAP-3,A44op_r,0.03797377273440361
All Subjects,CAP-4,A44op_r,0.6451910138130188
All Subjects,CAP-5,A44op_r,-0.5468674898147583
All Subjects,CAP-6,A44op_r,-0.6818209886550903
All Subjects,CAP-7,A44op_r,0.7335027456283569
All Subjects,CAP-1,A44v_l,0.10139492154121399
All Subjects,CAP-2,A44v_l,-0.4563751220703125
All Subjects,CAP-3,A44v_l,0.32503536343574524
All Subjects,CAP-4,A44v_l,0.3122185468673706
All Subjects,CAP-5,A44v_l,-0.36082154512405396
All Subjects,CAP-6,A44v_l,-0.5651468634605408
All Subjects,CAP-7,A44v_l,0.5683271288871765
All Subjects,CAP-1,A44v_r,-0.2070992887020111
All Subjects,CAP-2,A44v_r,-0.3448450267314911
All Subjects,CAP-3,A44v_r,0.3733419179916382
All Subjects,CAP-4,A44v_r,0.6522808074951172
All Subjects,CAP-5,A44v_r,-0.597933292388916
All Subjects,CAP-6,A44v_r,-0.39664170145988464
All Subjects,CAP-7,A44v_r,0.4566398561000824
All Subjects,CAP-1,A14m_l,0.1826358139514923
All Subjects,CAP-2,A14m_l,0.309608519077301
All Subjects,CAP-3,A14m_l,-0.453125536441803
All Subjects,CAP-4,A14m_l,-0.8322839736938477
All Subjects,CAP-5,A14m_l,0.830574631690979
All Subjects,CAP-6,A14m_l,-0.41758525371551514
All Subjects,CAP-7,A14m_l,0.26673832535743713
All Subjects,CAP-1,A14m_r,-0.1243615448474884
All Subjects,CAP-2,A14m_r,0.5208797454833984
All Subjects,CAP-3,A14m_r,-0.47776955366134644
All Subjects,CAP-4,A14m_r,-0.7878946661949158
All Subjects,CAP-5,A14m_r,0.8387030959129333
All Subjects,CAP-6,A14m_r,-0.448334276676178
All Subjects,CAP-7,A14m_r,0.31754302978515625
All Subjects,CAP-1,A12//47o_l,0.23585595190525055
All Subjects,CAP-2,A12//47o_l,-0.19904299080371857
All Subjects,CAP-3,A12//47o_l,-0.004118079785257578
All Subjects,CAP-4,A12//47o_l,-0.6747079491615295
All Subjects,CAP-5,A12//47o_l,0.5881016254425049
All Subjects,CAP-6,A12//47o_l,-0.5718506574630737
All Subjects,CAP-7,A12//47o_l,0.49468690156936646
All Subjects,CAP-1,A12\/47o_r,0.008685676380991936
All Subjects,CAP-2,A12\/47o_r,-0.1685827225446701
All Subjects,CAP-3,A12\/47o_r,0.10087595880031586
All Subjects,CAP-4,A12\/47o_r,-0.7497091293334961
All Subjects,CAP-5,A12\/47o_r,0.6829447746276855
All Subjects,CAP-6,A12\/47o_r,-0.5508047938346863
All Subjects,CAP-7,A12\/47o_r,0.5046993494033813
All Subjects,CAP-1,A11l_l,-0.06255006045103073
All Subjects,CAP-2,A11l_l,-0.16778096556663513
All Subjects,CAP-3,A11l_l,0.15044550597667694
All Subjects,CAP-4,A11l_l,-0.1078651174902916
All Subjects,CAP-5,A11l_l,0.08910475671291351
All Subjects,CAP-6,A11l_l,-0.3778107762336731
All Subjects,CAP-7,A11l_l,0.38171693682670593
All Subjects,CAP-1,A11l_r,-0.13701790571212769
All Subjects,CAP-2,A11l_r,-0.11543817818164825
All Subjects,CAP-3,A11l_r,0.1242445781826973
All Subjects,CAP-4,A11l_r,-0.26382559537887573
All Subjects,CAP-5,A11l_r,0.2544437050819397
All Subjects,CAP-6,A11l_r,-0.4793238341808319
All Subjects,CAP-7,A11l_r,0.4791249632835388
All Subjects,CAP-1,A11m_l,0.35745513439178467
All Subjects,CAP-2,A11m_l,-0.07183980941772461
All Subjects,CAP-3,A11m_l,-0.20199650526046753
All Subjects,CAP-4,A11m_l,-0.6680291891098022
All Subjects,CAP-5,A11m_l,0.6217025518417358
All Subjects,CAP-6,A11m_l,-0.39605164527893066
All Subjects,CAP-7,A11m_l,0.2831396758556366
All Subjects,CAP-1,A11m_r,0.23933513462543488
All Subjects,CAP-2,A11m_r,0.065740205347538
All Subjects,CAP-3,A11m_r,-0.2582787275314331
All Subjects,CAP-4,A11m_r,-0.7259364128112793
All Subjects,CAP-5,A11m_r,0.7065385580062866
All Subjects,CAP-6,A11m_r,-0.3729349970817566
All Subjects,CAP-7,A11m_r,0.25158390402793884
All Subjects,CAP-1,A13_l,0.3054907023906708
All Subjects,CAP-2,A13_l,0.12154407054185867
All Subjects,CAP-3,A13_l,-0.3888430595397949
All Subjects,CAP-4,A13_l,-0.47339126467704773
All Subjects,CAP-5,A13_l,0.4722530245780945
All Subjects,CAP-6,A13_l,-0.49658623337745667
All Subjects,CAP-7,A13_l,0.38264960050582886
All Subjects,CAP-1,A13_r,0.24496646225452423
All Subjects,CAP-2,A13_r,0.08065497875213623
All Subjects,CAP-3,A13_r,-0.3059236407279968
All Subjects,CAP-4,A13_r,-0.47741973400115967
All Subjects,CAP-5,A13_r,0.47051310539245605
All Subjects,CAP-6,A13_r,-0.4826509356498718
All Subjects,CAP-7,A13_r,0.38332539796829224
All Subjects,CAP-1,A12/47l_l,0.2215827852487564
All Subjects,CAP-2,A12/47l_l,-0.3741961121559143
All Subjects,CAP-3,A12/47l_l,0.17760512232780457
All Subjects,CAP-4,A12/47l_l,-0.6550273895263672
All Subjects,CAP-5,A12/47l_l,0.5305829048156738
All Subjects,CAP-6,A12/47l_l,-0.6768542528152466
All Subjects,CAP-7,A12/47l_l,0.620118260383606
All Subjects,CAP-1,A12/47l_r,-0.1621149778366089
All Subjects,CAP-2,A12/47l_r,-0.17616140842437744
All Subjects,CAP-3,A12/47l_r,0.1675398349761963
All Subjects,CAP-4,A12/47l_r,-0.40184590220451355
All Subjects,CAP-5,A12/47l_r,0.3654230237007141
All Subjects,CAP-6,A12/47l_r,-0.7122881412506104
All Subjects,CAP-7,A12/47l_r,0.7241131067276001
All Subjects,CAP-1,A4hf_l,0.5548237562179565
All Subjects,CAP-2,A4hf_l,-0.09413998574018478
All Subjects,CAP-3,A4hf_l,-0.2542341947555542
All Subjects,CAP-4,A4hf_l,0.5214414000511169
All Subjects,CAP-5,A4hf_l,-0.5208340883255005
All Subjects,CAP-6,A4hf_l,-0.43513840436935425
All Subjects,CAP-7,A4hf_l,0.2737055718898773
All Subjects,CAP-1,A4hf_r,0.4624006748199463
All Subjects,CAP-2,A4hf_r,-0.023870257660746574
All Subjects,CAP-3,A4hf_r,-0.28054648637771606
All Subjects,CAP-4,A4hf_r,0.5421249270439148
All Subjects,CAP-5,A4hf_r,-0.5149902701377869
All Subjects,CAP-6,A4hf_r,-0.433994323015213
All Subjects,CAP-7,A4hf_r,0.2836620807647705
All Subjects,CAP-1,A6cdl_l,0.4060879349708557
All Subjects,CAP-2,A6cdl_l,-0.27308833599090576
All Subjects,CAP-3,A6cdl_l,0.01632755622267723
All Subjects,CAP-4,A6cdl_l,0.6070390939712524
All Subjects,CAP-5,A6cdl_l,-0.5999771952629089
All Subjects,CAP-6,A6cdl_l,-0.03718869760632515
All Subjects,CAP-7,A6cdl_l,-0.019526246935129166
All Subjects,CAP-1,A6cdl_r,0.2528708279132843
All Subjects,CAP-2,A6cdl_r,-0.17196571826934814
All Subjects,CAP-3,A6cdl_r,-0.022634385153651237
All Subjects,CAP-4,A6cdl_r,0.8534773588180542
All Subjects,CAP-5,A6cdl_r,-0.7939820289611816
All Subjects,CAP-6,A6cdl_r,0.03027975745499134
All Subjects,CAP-7,A6cdl_r,-0.03209053352475166
All Subjects,CAP-1,A4ul_l,0.3697749674320221
All Subjects,CAP-2,A4ul_l,0.1022414043545723
All Subjects,CAP-3,A4ul_l,-0.3210664689540863
All Subjects,CAP-4,A4ul_l,0.4294796288013458
All Subjects,CAP-5,A4ul_l,-0.393924355506897
All Subjects,CAP-6,A4ul_l,-0.20867550373077393
All Subjects,CAP-7,A4ul_l,0.07827626913785934
All Subjects,CAP-1,A4ul_r,0.4279903769493103
All Subjects,CAP-2,A4ul_r,0.06758324801921844
All Subjects,CAP-3,A4ul_r,-0.3218151330947876
All Subjects,CAP-4,A4ul_r,0.48967525362968445
All Subjects,CAP-5,A4ul_r,-0.4669034779071808
All Subjects,CAP-6,A4ul_r,-0.158593088388443
All Subjects,CAP-7,A4ul_r,0.044275980442762375
All Subjects,CAP-1,A4t_l,0.2572050392627716
All Subjects,CAP-2,A4t_l,0.13429167866706848
All Subjects,CAP-3,A4t_l,-0.2863317131996155
All Subjects,CAP-4,A4t_l,0.54022216796875
All Subjects,CAP-5,A4t_l,-0.4731481969356537
All Subjects,CAP-6,A4t_l,-0.10964902490377426
All Subjects,CAP-7,A4t_l,0.003000575117766857
All Subjects,CAP-1,A4t_r,0.25105446577072144
All Subjects,CAP-2,A4t_r,0.17927785217761993
All Subjects,CAP-3,A4t_r,-0.3339620530605316
All Subjects,CAP-4,A4t_r,0.6064278483390808
All Subjects,CAP-5,A4t_r,-0.5299225449562073
All Subjects,CAP-6,A4t_r,-0.19745692610740662
All Subjects,CAP-7,A4t_r,0.07989483326673508
All Subjects,CAP-1,A4tl_l,0.18694569170475006
All Subjects,CAP-2,A4tl_l,0.07425738871097565
All Subjects,CAP-3,A4tl_l,-0.3135482370853424
All Subjects,CAP-4,A4tl_l,1.0165046453475952
All Subjects,CAP-5,A4tl_l,-0.8577118515968323
All Subjects,CAP-6,A4tl_l,-0.552186131477356
All Subjects,CAP-7,A4tl_l,0.4592132568359375
All Subjects,CAP-1,A4tl_r,0.12057600170373917
All Subjects,CAP-2,A4tl_r,0.09753105044364929
All Subjects,CAP-3,A4tl_r,-0.3021906912326813
All Subjects,CAP-4,A4tl_r,1.031104564666748
All Subjects,CAP-5,A4tl_r,-0.8683518767356873
All Subjects,CAP-6,A4tl_r,-0.5178120136260986
All Subjects,CAP-7,A4tl_r,0.45260003209114075
All Subjects,CAP-1,A6cvl_l,0.2427549511194229
All Subjects,CAP-2,A6cvl_l,-0.6052015423774719
All Subjects,CAP-3,A6cvl_l,0.4585857093334198
All Subjects,CAP-4,A6cvl_l,0.3580462336540222
All Subjects,CAP-5,A6cvl_l,-0.440304160118103
All Subjects,CAP-6,A6cvl_l,-0.23287343978881836
All Subjects,CAP-7,A6cvl_l,0.2222231775522232
All Subjects,CAP-1,A6cvl_r,0.06688357144594193
All Subjects,CAP-2,A6cvl_r,-0.40057283639907837
All Subjects,CAP-3,A6cvl_r,0.3109568655490875
All Subjects,CAP-4,A6cvl_r,0.6747795939445496
All Subjects,CAP-5,A6cvl_r,-0.6641138792037964
All Subjects,CAP-6,A6cvl_r,-0.14539743959903717
All Subjects,CAP-7,A6cvl_r,0.1866455227136612
All Subjects,CAP-1,A1/2/3ll_l,0.2301701009273529
All Subjects,CAP-2,A1/2/3ll_l,0.32351890206336975
All Subjects,CAP-3,A1/2/3ll_l,-0.45945897698402405
All Subjects,CAP-4,A1/2/3ll_l,0.4827735722064972
All Subjects,CAP-5,A1/2/3ll_l,-0.4138219356536865
All Subjects,CAP-6,A1/2/3ll_l,-0.06314141303300858
All Subjects,CAP-7,A1/2/3ll_l,-0.02253463678061962
All Subjects,CAP-1,A1/2/3ll_r,0.1461288183927536
All Subjects,CAP-2,A1/2/3ll_r,0.35381779074668884
All Subjects,CAP-3,A1/2/3ll_r,-0.4754227101802826
All Subjects,CAP-4,A1/2/3ll_r,0.8452183604240417
All Subjects,CAP-5,A1/2/3ll_r,-0.725206732749939
All Subjects,CAP-6,A1/2/3ll_r,-0.11565693467855453
All Subjects,CAP-7,A1/2/3ll_r,0.05934906005859375
All Subjects,CAP-1,A4ll_l,0.2977640926837921
All Subjects,CAP-2,A4ll_l,0.22750058770179749
All Subjects,CAP-3,A4ll_l,-0.42186886072158813
All Subjects,CAP-4,A4ll_l,0.5030249357223511
All Subjects,CAP-5,A4ll_l,-0.43335777521133423
All Subjects,CAP-6,A4ll_l,-0.34863579273223877
All Subjects,CAP-7,A4ll_l,0.20358316600322723
All Subjects,CAP-1,A4ll_r,0.28128913044929504
All Subjects,CAP-2,A4ll_r,0.26439276337623596
All Subjects,CAP-3,A4ll_r,-0.44120630621910095
All Subjects,CAP-4,A4ll_r,0.5628061294555664
All Subjects,CAP-5,A4ll_r,-0.48445603251457214
All Subjects,CAP-6,A4ll_r,-0.2993472218513489
All Subjects,CAP-7,A4ll_r,0.15715926885604858
All Subjects,CAP-1,A38m_l,0.5024670958518982
All Subjects,CAP-2,A38m_l,0.017101474106311798
All Subjects,CAP-3,A38m_l,-0.4008967876434326
All Subjects,CAP-4,A38m_l,-0.399651437997818
All Subjects,CAP-5,A38m_l,0.370187371969223
All Subjects,CAP-6,A38m_l,-0.49560409784317017
All Subjects,CAP-7,A38m_l,0.3667754828929901
All Subjects,CAP-1,A38m_r,0.3812556862831116
All Subjects,CAP-2,A38m_r,0.09165667742490768
All Subjects,CAP-3,A38m_r,-0.3920801281929016
All Subjects,CAP-4,A38m_r,-0.28386715054512024
All Subjects,CAP-5,A38m_r,0.2703445255756378
All Subjects,CAP-6,A38m_r,-0.43233057856559753
All Subjects,CAP-7,A38m_r,0.3304702043533325
All Subjects,CAP-1,A41/42_l,0.300367146730423
All Subjects,CAP-2,A41/42_l,0.18104518949985504
All Subjects,CAP-3,A41/42_l,-0.3759254515171051
All Subjects,CAP-4,A41/42_l,0.5194499492645264
All Subjects,CAP-5,A41/42_l,-0.512975811958313
All Subjects,CAP-6,A41/42_l,-0.4058037996292114
All Subjects,CAP-7,A41/42_l,0.3224586844444275
All Subjects,CAP-1,A41/42_r,0.1497911810874939
All Subjects,CAP-2,A41/42_r,0.24767212569713593
All Subjects,CAP-3,A41/42_r,-0.365544855594635
All Subjects,CAP-4,A41/42_r,0.4619903266429901
All Subjects,CAP-5,A41/42_r,-0.4362353980541229
All Subjects,CAP-6,A41/42_r,-0.4201416075229645
All Subjects,CAP-7,A41/42_r,0.3618088662624359
All Subjects,CAP-1,TE1.0/TE1.2_l,0.2725544571876526
All Subjects,CAP-2,TE1.0/TE1.2_l,0.20501764118671417
All Subjects,CAP-3,TE1.0/TE1.2_l,-0.41292184591293335
All Subjects,CAP-4,TE1.0/TE1.2_l,0.5525168776512146
All Subjects,CAP-5,TE1.0/TE1.2_l,-0.5070579051971436
All Subjects,CAP-6,TE1.0/TE1.2_l,-0.4959273636341095
All Subjects,CAP-7,TE1.0/TE1.2_l,0.39399707317352295
All Subjects,CAP-1,TE1.0/TE1.2_r,0.22184227406978607
All Subjects,CAP-2,TE1.0/TE1.2_r,0.1764560043811798
All Subjects,CAP-3,TE1.0/TE1.2_r,-0.37081271409988403
All Subjects,CAP-4,TE1.0/TE1.2_r,0.6463706493377686
All Subjects,CAP-5,TE1.0/TE1.2_r,-0.5970106720924377
All Subjects,CAP-6,TE1.0/TE1.2_r,-0.5340720415115356
All Subjects,CAP-7,TE1.0/TE1.2_r,0.4597177505493164
All Subjects,CAP-1,A22c_l,0.5142105221748352
All Subjects,CAP-2,A22c_l,-0.05392671003937721
All Subjects,CAP-3,A22c_l,-0.2822883427143097
All Subjects,CAP-4,A22c_l,0.01476534828543663
All Subjects,CAP-5,A22c_l,-0.08662393689155579
All Subjects,CAP-6,A22c_l,-0.46391022205352783
All Subjects,CAP-7,A22c_l,0.3612365126609802
All Subjects,CAP-1,A22c_r,0.3587974011898041
All Subjects,CAP-2,A22c_r,0.11600171029567719
All Subjects,CAP-3,A22c_r,-0.3300655484199524
All Subjects,CAP-4,A22c_r,0.30860450863838196
All Subjects,CAP-5,A22c_r,-0.3486414849758148
All Subjects,CAP-6,A22c_r,-0.35654547810554504
All Subjects,CAP-7,A22c_r,0.28115522861480713
All Subjects,CAP-1,A38l_l,0.43534278869628906
All Subjects,CAP-2,A38l_l,-0.002152611967176199
All Subjects,CAP-3,A38l_l,-0.33284643292427063
All Subjects,CAP-4,A38l_l,-0.13316936790943146
All Subjects,CAP-5,A38l_l,0.12130971252918243
All Subjects,CAP-6,A38l_l,-0.5425480604171753
All Subjects,CAP-7,A38l_l,0.4140302836894989
All Subjects,CAP-1,A38l_r,0.4074326753616333
All Subjects,CAP-2,A38l_r,0.08498553931713104
All Subjects,CAP-3,A38l_r,-0.3887474238872528
All Subjects,CAP-4,A38l_r,-0.18273542821407318
All Subjects,CAP-5,A38l_r,0.15345025062561035
All Subjects,CAP-6,A38l_r,-0.5318965315818787
All Subjects,CAP-7,A38l_r,0.41694217920303345
All Subjects,CAP-1,A22r_l,0.5322401523590088
All Subjects,CAP-2,A22r_l,0.0758250504732132
All Subjects,CAP-3,A22r_l,-0.43528974056243896
All Subjects,CAP-4,A22r_l,-0.30699700117111206
All Subjects,CAP-5,A22r_l,0.27342021465301514
All Subjects,CAP-6,A22r_l,-0.44096171855926514
All Subjects,CAP-7,A22r_l,0.2834744155406952
All Subjects,CAP-1,A22r_r,0.43201589584350586
All Subjects,CAP-2,A22r_r,0.07486440241336823
All Subjects,CAP-3,A22r_r,-0.3455156683921814
All Subjects,CAP-4,A22r_r,-0.10084334760904312
All Subjects,CAP-5,A22r_r,0.044610314071178436
All Subjects,CAP-6,A22r_r,-0.4380432963371277
All Subjects,CAP-7,A22r_r,0.31910955905914307
All Subjects,CAP-1,A21c_l,0.17345595359802246
All Subjects,CAP-2,A21c_l,-0.210423544049263
All Subjects,CAP-3,A21c_l,0.1106470599770546
All Subjects,CAP-4,A21c_l,-1.0292798280715942
All Subjects,CAP-5,A21c_l,0.9367835521697998
All Subjects,CAP-6,A21c_l,-0.37940454483032227
All Subjects,CAP-7,A21c_l,0.248567134141922
All Subjects,CAP-1,A21c_r,-0.1509535163640976
All Subjects,CAP-2,A21c_r,-0.14274120330810547
All Subjects,CAP-3,A21c_r,0.25828227400779724
All Subjects,CAP-4,A21c_r,-0.8982157111167908
All Subjects,CAP-5,A21c_r,0.8259567618370056
All Subjects,CAP-6,A21c_r,-0.28473901748657227
All Subjects,CAP-7,A21c_r,0.22058841586112976
All Subjects,CAP-1,A21r_l,0.39166519045829773
All Subjects,CAP-2,A21r_l,0.010236839763820171
All Subjects,CAP-3,A21r_l,-0.2943890392780304
All Subjects,CAP-4,A21r_l,-0.9540337324142456
All Subjects,CAP-5,A21r_l,0.8895244598388672
All Subjects,CAP-6,A21r_l,-0.48676228523254395
All Subjects,CAP-7,A21r_l,0.33329594135284424
All Subjects,CAP-1,A21r_r,0.26267877221107483
All Subjects,CAP-2,A21r_r,0.12256410717964172
All Subjects,CAP-3,A21r_r,-0.3423660099506378
All Subjects,CAP-4,A21r_r,-0.9095954298973083
All Subjects,CAP-5,A21r_r,0.876358687877655
All Subjects,CAP-6,A21r_r,-0.5101717710494995
All Subjects,CAP-7,A21r_r,0.37289342284202576
All Subjects,CAP-1,A37dl_l,0.3485240638256073
All Subjects,CAP-2,A37dl_l,-0.22648318111896515
All Subjects,CAP-3,A37dl_l,-0.044898707419633865
All Subjects,CAP-4,A37dl_l,0.012174693867564201
All Subjects,CAP-5,A37dl_l,-0.02400243654847145
All Subjects,CAP-6,A37dl_l,-0.12548813223838806
All Subjects,CAP-7,A37dl_l,0.0903012678027153
All Subjects,CAP-1,A37dl_r,0.12857761979103088
All Subjects,CAP-2,A37dl_r,-0.04046207293868065
All Subjects,CAP-3,A37dl_r,-0.08428973704576492
All Subjects,CAP-4,A37dl_r,0.17699290812015533
All Subjects,CAP-5,A37dl_r,-0.14149929583072662
All Subjects,CAP-6,A37dl_r,-0.020597007125616074
All Subjects,CAP-7,A37dl_r,0.014362543821334839
All Subjects,CAP-1,aSTS_l,0.3130424916744232
All Subjects,CAP-2,aSTS_l,-0.0013418869348242879
All Subjects,CAP-3,aSTS_l,-0.2203538715839386
All Subjects,CAP-4,aSTS_l,-0.9819011092185974
All Subjects,CAP-5,aSTS_l,0.9087317585945129
All Subjects,CAP-6,aSTS_l,-0.5082190632820129
All Subjects,CAP-7,aSTS_l,0.3579551875591278
All Subjects,CAP-1,aSTS_r,0.10812759399414062
All Subjects,CAP-2,aSTS_r,0.18706364929676056
All Subjects,CAP-3,aSTS_r,-0.2992551922798157
All Subjects,CAP-4,aSTS_r,-0.7791727781295776
All Subjects,CAP-5,aSTS_r,0.7491536140441895
All Subjects,CAP-6,aSTS_r,-0.5400595664978027
All Subjects,CAP-7,aSTS_r,0.4297010600566864
All Subjects,CAP-1,A20iv_l,0.14386095106601715
All Subjects,CAP-2,A20iv_l,-0.11040601879358292
All Subjects,CAP-3,A20iv_l,0.006301845423877239
All Subjects,CAP-4,A20iv_l,0.027408141642808914
All Subjects,CAP-5,A20iv_l,-0.05264388769865036
All Subjects,CAP-6,A20iv_l,0.06911402940750122
All Subjects,CAP-7,A20iv_l,-0.042210567742586136
All Subjects,CAP-1,A20iv_r,0.1940145492553711
All Subjects,CAP-2,A20iv_r,-0.07422671467065811
All Subjects,CAP-3,A20iv_r,-0.10088718682527542
All Subjects,CAP-4,A20iv_r,0.024907177314162254
All Subjects,CAP-5,A20iv_r,-0.020123623311519623
All Subjects,CAP-6,A20iv_r,-0.18781444430351257
All Subjects,CAP-7,A20iv_r,0.16422949731349945
All Subjects,CAP-1,A37elv_l,0.07019857317209244
All Subjects,CAP-2,A37elv_l,-0.26873672008514404
All Subjects,CAP-3,A37elv_l,0.29519346356391907
All Subjects,CAP-4,A37elv_l,0.09033122658729553
All Subjects,CAP-5,A37elv_l,-0.17084917426109314
All Subjects,CAP-6,A37elv_l,0.6496691107749939
All Subjects,CAP-7,A37elv_l,-0.5256273746490479
All Subjects,CAP-1,A37elv_r,-0.04652334377169609
All Subjects,CAP-2,A37elv_r,-0.09401029348373413
All Subjects,CAP-3,A37elv_r,0.18220101296901703
All Subjects,CAP-4,A37elv_r,0.08317440003156662
All Subjects,CAP-5,A37elv_r,-0.12312575429677963
All Subjects,CAP-6,A37elv_r,0.636895477771759
All Subjects,CAP-7,A37elv_r,-0.5154945850372314
All Subjects,CAP-1,A20r_l,0.4210506081581116
All Subjects,CAP-2,A20r_l,-0.12255194038152695
All Subjects,CAP-3,A20r_l,-0.201194167137146
All Subjects,CAP-4,A20r_l,-0.17102953791618347
All Subjects,CAP-5,A20r_l,0.1342264711856842
All Subjects,CAP-6,A20r_l,-0.402340829372406
All Subjects,CAP-7,A20r_l,0.32169634103775024
All Subjects,CAP-1,A20r_r,0.32610073685646057
All Subjects,CAP-2,A20r_r,-0.06789238750934601
All Subjects,CAP-3,A20r_r,-0.19443108141422272
All Subjects,CAP-4,A20r_r,-0.022181404754519463
All Subjects,CAP-5,A20r_r,0.006103699095547199
All Subjects,CAP-6,A20r_r,-0.3241232633590698
All Subjects,CAP-7,A20r_r,0.2707982659339905
All Subjects,CAP-1,A20il_l,0.19346728920936584
All Subjects,CAP-2,A20il_l,-0.14520128071308136
All Subjects,CAP-3,A20il_l,-0.010284307412803173
All Subjects,CAP-4,A20il_l,-0.8014265894889832
All Subjects,CAP-5,A20il_l,0.7440125942230225
All Subjects,CAP-6,A20il_l,-0.40694764256477356
All Subjects,CAP-7,A20il_l,0.30281150341033936
All Subjects,CAP-1,A20il_r,0.09394200146198273
All Subjects,CAP-2,A20il_r,-0.040817633271217346
All Subjects,CAP-3,A20il_r,-0.05403155833482742
All Subjects,CAP-4,A20il_r,-0.5906455516815186
All Subjects,CAP-5,A20il_r,0.5626740455627441
All Subjects,CAP-6,A20il_r,-0.3550093472003937
All Subjects,CAP-7,A20il_r,0.2770374119281769
All Subjects,CAP-1,A37vl_l,0.12041373550891876
All Subjects,CAP-2,A37vl_l,-0.3510686159133911
All Subjects,CAP-3,A37vl_l,0.2959218919277191
All Subjects,CAP-4,A37vl_l,0.26833575963974
All Subjects,CAP-5,A37vl_l,-0.31507420539855957
All Subjects,CAP-6,A37vl_l,0.37001967430114746
All Subjects,CAP-7,A37vl_l,-0.28283536434173584
All Subjects,CAP-1,A37vl_r,0.12856163084506989
All Subjects,CAP-2,A37vl_r,-0.20651470124721527
All Subjects,CAP-3,A37vl_r,0.163329616189003
All Subjects,CAP-4,A37vl_r,0.4638383686542511
All Subjects,CAP-5,A37vl_r,-0.49652421474456787
All Subjects,CAP-6,A37vl_r,0.5597672462463379
All Subjects,CAP-7,A37vl_r,-0.44338664412498474
All Subjects,CAP-1,A20cl_l,-0.008111303672194481
All Subjects,CAP-2,A20cl_l,-0.35134121775627136
All Subjects,CAP-3,A20cl_l,0.41293588280677795
All Subjects,CAP-4,A20cl_l,-0.6691796183586121
All Subjects,CAP-5,A20cl_l,0.5661830902099609
All Subjects,CAP-6,A20cl_l,-0.0489283986389637
All Subjects,CAP-7,A20cl_l,0.007034040056169033
All Subjects,CAP-1,A20cl_r,-0.1983601152896881
All Subjects,CAP-2,A20cl_r,-0.2938157320022583
All Subjects,CAP-3,A20cl_r,0.4817267954349518
All Subjects,CAP-4,A20cl_r,-0.33246880769729614
All Subjects,CAP-5,A20cl_r,0.26891154050827026
All Subjects,CAP-6,A20cl_r,0.10366961359977722
All Subjects,CAP-7,A20cl_r,-0.09267476946115494
All Subjects,CAP-1,A20cv_l,-0.031435538083314896
All Subjects,CAP-2,A20cv_l,-0.18407279253005981
All Subjects,CAP-3,A20cv_l,0.19134879112243652
All Subjects,CAP-4,A20cv_l,-0.2494676262140274
All Subjects,CAP-5,A20cv_l,0.2261100709438324
All Subjects,CAP-6,A20cv_l,0.055454615503549576
All Subjects,CAP-7,A20cv_l,-0.031172025948762894
All Subjects,CAP-1,A20cv_r,-0.14138281345367432
All Subjects,CAP-2,A20cv_r,-0.06818079948425293
All Subjects,CAP-3,A20cv_r,0.16536308825016022
All Subjects,CAP-4,A20cv_r,-0.057291507720947266
All Subjects,CAP-5,A20cv_r,0.05439918115735054
All Subjects,CAP-6,A20cv_r,0.12832659482955933
All Subjects,CAP-7,A20cv_r,-0.08896948397159576
All Subjects,CAP-1,A20rv_l,0.32532718777656555
All Subjects,CAP-2,A20rv_l,0.03113631345331669
All Subjects,CAP-3,A20rv_l,-0.2793324291706085
All Subjects,CAP-4,A20rv_l,0.03527667373418808
All Subjects,CAP-5,A20rv_l,-0.05403987690806389
All Subjects,CAP-6,A20rv_l,-0.020909404382109642
All Subjects,CAP-7,A20rv_l,0.029846396297216415
All Subjects,CAP-1,A20rv_r,0.29009300470352173
All Subjects,CAP-2,A20rv_r,0.047171592712402344
All Subjects,CAP-3,A20rv_r,-0.26619285345077515
All Subjects,CAP-4,A20rv_r,0.09629208594560623
All Subjects,CAP-5,A20rv_r,-0.11541701853275299
All Subjects,CAP-6,A20rv_r,-0.010435232892632484
All Subjects,CAP-7,A20rv_r,0.028049033135175705
All Subjects,CAP-1,A37mv_l,0.3538214862346649
All Subjects,CAP-2,A37mv_l,0.18052266538143158
All Subjects,CAP-3,A37mv_l,-0.3453158140182495
All Subjects,CAP-4,A37mv_l,0.18336625397205353
All Subjects,CAP-5,A37mv_l,-0.26762402057647705
All Subjects,CAP-6,A37mv_l,0.8434528708457947
All Subjects,CAP-7,A37mv_l,-0.6788953542709351
All Subjects,CAP-1,A37mv_r,0.3860957622528076
All Subjects,CAP-2,A37mv_r,0.16687139868736267
All Subjects,CAP-3,A37mv_r,-0.34822022914886475
All Subjects,CAP-4,A37mv_r,0.19389203190803528
All Subjects,CAP-5,A37mv_r,-0.2839123606681824
All Subjects,CAP-6,A37mv_r,0.8324680328369141
All Subjects,CAP-7,A37mv_r,-0.6742823123931885
All Subjects,CAP-1,A37lv_l,0.3275219798088074
All Subjects,CAP-2,A37lv_l,-0.04222497716546059
All Subjects,CAP-3,A37lv_l,-0.11625699698925018
All Subjects,CAP-4,A37lv_l,0.22929036617279053
All Subjects,CAP-5,A37lv_l,-0.3052242398262024
All Subjects,CAP-6,A37lv_l,0.6548237800598145
All Subjects,CAP-7,A37lv_l,-0.5319810509681702
All Subjects,CAP-1,A37lv_r,0.296057790517807
All Subjects,CAP-2,A37lv_r,0.10415008664131165
All Subjects,CAP-3,A37lv_r,-0.24064618349075317
All Subjects,CAP-4,A37lv_r,0.20339375734329224
All Subjects,CAP-5,A37lv_r,-0.2501305043697357
All Subjects,CAP-6,A37lv_r,0.6681485176086426
All Subjects,CAP-7,A37lv_r,-0.5669981837272644
All Subjects,CAP-1,A35/36r_l,0.22003071010112762
All Subjects,CAP-2,A35/36r_l,-0.023558881133794785
All Subjects,CAP-3,A35/36r_l,-0.1732899695634842
All Subjects,CAP-4,A35/36r_l,-0.007661205716431141
All Subjects,CAP-5,A35/36r_l,0.009146193042397499
All Subjects,CAP-6,A35/36r_l,-0.25409916043281555
All Subjects,CAP-7,A35/36r_l,0.22195565700531006
All Subjects,CAP-1,A35/36r_r,0.15331383049488068
All Subjects,CAP-2,A35/36r_r,0.038696661591529846
All Subjects,CAP-3,A35/36r_r,-0.17120234668254852
All Subjects,CAP-4,A35/36r_r,-0.026473814621567726
All Subjects,CAP-5,A35/36r_r,0.039340727031230927
All Subjects,CAP-6,A35/36r_r,-0.2622195780277252
All Subjects,CAP-7,A35/36r_r,0.20367848873138428
All Subjects,CAP-1,A35/36c_l,-0.13595959544181824
All Subjects,CAP-2,A35/36c_l,0.25106555223464966
All Subjects,CAP-3,A35/36c_l,-0.16107957065105438
All Subjects,CAP-4,A35/36c_l,-0.05331017076969147
All Subjects,CAP-5,A35/36c_l,0.098787322640419
All Subjects,CAP-6,A35/36c_l,0.17442408204078674
All Subjects,CAP-7,A35/36c_l,-0.1592201292514801
All Subjects,CAP-1,A35/36c_r,-0.07611802965402603
All Subjects,CAP-2,A35/36c_r,0.2101239264011383
All Subjects,CAP-3,A35/36c_r,-0.14244188368320465
All Subjects,CAP-4,A35/36c_r,-0.028689755126833916
All Subjects,CAP-5,A35/36c_r,0.04790269955992699
All Subjects,CAP-6,A35/36c_r,0.2142835557460785
All Subjects,CAP-7,A35/36c_r,-0.19009840488433838
All Subjects,CAP-1,TL_l,0.056436024606227875
All Subjects,CAP-2,TL_l,0.3196316659450531
All Subjects,CAP-3,TL_l,-0.34848034381866455
All Subjects,CAP-4,TL_l,-0.3221978545188904
All Subjects,CAP-5,TL_l,0.3289381265640259
All Subjects,CAP-6,TL_l,0.1331261843442917
All Subjects,CAP-7,TL_l,-0.14445917308330536
All Subjects,CAP-1,TL_r,0.10068001598119736
All Subjects,CAP-2,TL_r,0.29886406660079956
All Subjects,CAP-3,TL_r,-0.33906304836273193
All Subjects,CAP-4,TL_r,-0.20965364575386047
All Subjects,CAP-5,TL_r,0.1997501254081726
All Subjects,CAP-6,TL_r,0.19679084420204163
All Subjects,CAP-7,TL_r,-0.19387821853160858
All Subjects,CAP-1,A28/34_l,-0.02199086919426918
All Subjects,CAP-2,A28/34_l,0.11256453394889832
All Subjects,CAP-3,A28/34_l,-0.11887788772583008
All Subjects,CAP-4,A28/34_l,-0.1960972100496292
All Subjects,CAP-5,A28/34_l,0.21466806530952454
All Subjects,CAP-6,A28/34_l,-0.06836432963609695
All Subjects,CAP-7,A28/34_l,0.0483400896191597
All Subjects,CAP-1,A28/34_r,0.00459822453558445
All Subjects,CAP-2,A28/34_r,0.09458140283823013
All Subjects,CAP-3,A28/34_r,-0.1164744645357132
All Subjects,CAP-4,A28/34_r,-0.14043189585208893
All Subjects,CAP-5,A28/34_r,0.16362567245960236
All Subjects,CAP-6,A28/34_r,-0.08126290887594223
All Subjects,CAP-7,A28/34_r,0.050389401614665985
All Subjects,CAP-1,TI_l,0.2268228977918625
All Subjects,CAP-2,TI_l,0.015747031196951866
All Subjects,CAP-3,TI_l,-0.19013996422290802
All Subjects,CAP-4,TI_l,-0.030343348160386086
All Subjects,CAP-5,TI_l,0.016491724178195
All Subjects,CAP-6,TI_l,-0.2420591562986374
All Subjects,CAP-7,TI_l,0.19773215055465698
All Subjects,CAP-1,TI_r,0.10475748032331467
All Subjects,CAP-2,TI_r,0.06897378712892532
All Subjects,CAP-3,TI_r,-0.1810351461172104
All Subjects,CAP-4,TI_r,-0.026095205917954445
All Subjects,CAP-5,TI_r,0.03649212047457695
All Subjects,CAP-6,TI_r,-0.22638069093227386
All Subjects,CAP-7,TI_r,0.20266437530517578
All Subjects,CAP-1,TH_l,0.09724221378564835
All Subjects,CAP-2,TH_l,0.3774682283401489
All Subjects,CAP-3,TH_l,-0.41339582204818726
All Subjects,CAP-4,TH_l,-0.11142151057720184
All Subjects,CAP-5,TH_l,0.09475070238113403
All Subjects,CAP-6,TH_l,0.3555788993835449
All Subjects,CAP-7,TH_l,-0.2982010543346405
All Subjects,CAP-1,TH_r,0.10814177244901657
All Subjects,CAP-2,TH_r,0.3312283158302307
All Subjects,CAP-3,TH_r,-0.38560518622398376
All Subjects,CAP-4,TH_r,-0.07655433565378189
All Subjects,CAP-5,TH_r,0.07357501238584518
All Subjects,CAP-6,TH_r,0.30586835741996765
All Subjects,CAP-7,TH_r,-0.2633346915245056
All Subjects,CAP-1,rpSTS_l,0.495263934135437
All Subjects,CAP-2,rpSTS_l,-0.17046524584293365
All Subjects,CAP-3,rpSTS_l,-0.1483079493045807
All Subjects,CAP-4,rpSTS_l,-0.3131084144115448
All Subjects,CAP-5,rpSTS_l,0.2140364795923233
All Subjects,CAP-6,rpSTS_l,-0.397581547498703
All Subjects,CAP-7,rpSTS_l,0.2984156310558319
All Subjects,CAP-1,rpSTS_r,0.2608894109725952
All Subjects,CAP-2,rpSTS_r,-0.020410804077982903
All Subjects,CAP-3,rpSTS_r,-0.1955089122056961
All Subjects,CAP-4,rpSTS_r,-0.15837818384170532
All Subjects,CAP-5,rpSTS_r,0.13230161368846893
All Subjects,CAP-6,rpSTS_r,-0.41502124071121216
All Subjects,CAP-7,rpSTS_r,0.3516022562980652
All Subjects,CAP-1,cpSTS_l,0.3454320430755615
All Subjects,CAP-2,cpSTS_l,-0.06534411758184433
All Subjects,CAP-3,cpSTS_l,-0.19000805914402008
All Subjects,CAP-4,cpSTS_l,0.0315549336373806
All Subjects,CAP-5,cpSTS_l,-0.04508589580655098
All Subjects,CAP-6,cpSTS_l,-0.2783575654029846
All Subjects,CAP-7,cpSTS_l,0.2098507583141327
All Subjects,CAP-1,cpSTS_r,0.19898051023483276
All Subjects,CAP-2,cpSTS_r,0.10821213573217392
All Subjects,CAP-3,cpSTS_r,-0.2954126000404358
All Subjects,CAP-4,cpSTS_r,0.2715286314487457
All Subjects,CAP-5,cpSTS_r,-0.23795975744724274
All Subjects,CAP-6,cpSTS_r,-0.20484726130962372
All Subjects,CAP-7,cpSTS_r,0.1893933266401291
All Subjects,CAP-1,A7r_l,0.12891556322574615
All Subjects,CAP-2,A7r_l,-0.032465074211359024
All Subjects,CAP-3,A7r_l,-0.01238977164030075
All Subjects,CAP-4,A7r_l,0.6650340557098389
All Subjects,CAP-5,A7r_l,-0.6374034285545349
All Subjects,CAP-6,A7r_l,0.692852258682251
All Subjects,CAP-7,A7r_l,-0.5888023376464844
All Subjects,CAP-1,A7r_r,0.23080456256866455
All Subjects,CAP-2,A7r_r,-0.010960657149553299
All Subjects,CAP-3,A7r_r,-0.10439364612102509
All Subjects,CAP-4,A7r_r,0.7634748220443726
All Subjects,CAP-5,A7r_r,-0.7291093468666077
All Subjects,CAP-6,A7r_r,0.650343120098114
All Subjects,CAP-7,A7r_r,-0.5654996633529663
All Subjects,CAP-1,A7c_l,-0.053844425827264786
All Subjects,CAP-2,A7c_l,-0.16692911088466644
All Subjects,CAP-3,A7c_l,0.2882553040981293
All Subjects,CAP-4,A7c_l,0.27627506852149963
All Subjects,CAP-5,A7c_l,-0.3239589035511017
All Subjects,CAP-6,A7c_l,0.9234923720359802
All Subjects,CAP-7,A7c_l,-0.7516385912895203
All Subjects,CAP-1,A7c_r,-0.049652278423309326
All Subjects,CAP-2,A7c_r,-0.13907833397388458
All Subjects,CAP-3,A7c_r,0.24385914206504822
All Subjects,CAP-4,A7c_r,0.4329342246055603
All Subjects,CAP-5,A7c_r,-0.46906566619873047
All Subjects,CAP-6,A7c_r,0.9634506702423096
All Subjects,CAP-7,A7c_r,-0.7638691067695618
All Subjects,CAP-1,A5l_l,0.30451700091362
All Subjects,CAP-2,A5l_l,-0.37167373299598694
All Subjects,CAP-3,A5l_l,0.2084207981824875
All Subjects,CAP-4,A5l_l,0.6680203676223755
All Subjects,CAP-5,A5l_l,-0.6840726733207703
All Subjects,CAP-6,A5l_l,0.41732552647590637
All Subjects,CAP-7,A5l_l,-0.3666442036628723
All Subjects,CAP-1,A5l_r,0.3506563603878021
All Subjects,CAP-2,A5l_r,-0.20201532542705536
All Subjects,CAP-3,A5l_r,-0.006801661569625139
All Subjects,CAP-4,A5l_r,0.7632121443748474
All Subjects,CAP-5,A5l_r,-0.736068844795227
All Subjects,CAP-6,A5l_r,0.3167177736759186
All Subjects,CAP-7,A5l_r,-0.3082602322101593
All Subjects,CAP-1,A7pc_l,0.33628055453300476
All Subjects,CAP-2,A7pc_l,0.09268402308225632
All Subjects,CAP-3,A7pc_l,-0.32785433530807495
All Subjects,CAP-4,A7pc_l,0.8840134739875793
All Subjects,CAP-5,A7pc_l,-0.7783671617507935
All Subjects,CAP-6,A7pc_l,0.13135617971420288
All Subjects,CAP-7,A7pc_l,-0.179388165473938
All Subjects,CAP-1,A7pc_r,0.3319072127342224
All Subjects,CAP-2,A7pc_r,0.15851983428001404
All Subjects,CAP-3,A7pc_r,-0.37922829389572144
All Subjects,CAP-4,A7pc_r,0.8011668920516968
All Subjects,CAP-5,A7pc_r,-0.7073488831520081
All Subjects,CAP-6,A7pc_r,0.01930316910147667
All Subjects,CAP-7,A7pc_r,-0.09333918243646622
All Subjects,CAP-1,A7ip_l,0.32968389987945557
All Subjects,CAP-2,A7ip_l,-0.3212362229824066
All Subjects,CAP-3,A7ip_l,0.18279261887073517
All Subjects,CAP-4,A7ip_l,0.3912762403488159
All Subjects,CAP-5,A7ip_l,-0.4803740382194519
All Subjects,CAP-6,A7ip_l,0.7234830856323242
All Subjects,CAP-7,A7ip_l,-0.5990543365478516
All Subjects,CAP-1,A7ip_r,0.23426881432533264
All Subjects,CAP-2,A7ip_r,-0.31167423725128174
All Subjects,CAP-3,A7ip_r,0.21970738470554352
All Subjects,CAP-4,A7ip_r,0.46793603897094727
All Subjects,CAP-5,A7ip_r,-0.5330244898796082
All Subjects,CAP-6,A7ip_r,0.6825735569000244
All Subjects,CAP-7,A7ip_r,-0.551295280456543
All Subjects,CAP-1,A39c_l,-0.022126443684101105
All Subjects,CAP-2,A39c_l,-0.01002130564302206
All Subjects,CAP-3,A39c_l,0.09898275136947632
All Subjects,CAP-4,A39c_l,-0.32337766885757446
All Subjects,CAP-5,A39c_l,0.2658922076225281
All Subjects,CAP-6,A39c_l,0.6498690843582153
All Subjects,CAP-7,A39c_l,-0.5641434788703918
All Subjects,CAP-1,A39c_r,0.05424398556351662
All Subjects,CAP-2,A39c_r,0.25712692737579346
All Subjects,CAP-3,A39c_r,-0.26441019773483276
All Subjects,CAP-4,A39c_r,-0.121601901948452
All Subjects,CAP-5,A39c_r,0.12518255412578583
All Subjects,CAP-6,A39c_r,0.4974779784679413
All Subjects,CAP-7,A39c_r,-0.43732917308807373
All Subjects,CAP-1,A39rd_l,-0.15695273876190186
All Subjects,CAP-2,A39rd_l,-0.453029990196228
All Subjects,CAP-3,A39rd_l,0.6215961575508118
All Subjects,CAP-4,A39rd_l,-0.7085325121879578
All Subjects,CAP-5,A39rd_l,0.6107349395751953
All Subjects,CAP-6,A39rd_l,0.011717098765075207
All Subjects,CAP-7,A39rd_l,-0.0431947335600853
All Subjects,CAP-1,A39rd_r,-0.37972697615623474
All Subjects,CAP-2,A39rd_r,-0.20564758777618408
All Subjects,CAP-3,A39rd_r,0.5248275399208069
All Subjects,CAP-4,A39rd_r,-0.5875676274299622
All Subjects,CAP-5,A39rd_r,0.5310622453689575
All Subjects,CAP-6,A39rd_r,0.237073615193367
All Subjects,CAP-7,A39rd_r,-0.2096286565065384
All Subjects,CAP-1,A40rd_l,0.1817663460969925
All Subjects,CAP-2,A40rd_l,-0.4676024317741394
All Subjects,CAP-3,A40rd_l,0.3574698269367218
All Subjects,CAP-4,A40rd_l,0.7155564427375793
All Subjects,CAP-5,A40rd_l,-0.7166029214859009
All Subjects,CAP-6,A40rd_l,0.06434109061956406
All Subjects,CAP-7,A40rd_l,-0.0521453432738781
All Subjects,CAP-1,A40rd_r,0.025887416675686836
All Subjects,CAP-2,A40rd_r,-0.4195633828639984
All Subjects,CAP-3,A40rd_r,0.4253292679786682
All Subjects,CAP-4,A40rd_r,0.7208142876625061
All Subjects,CAP-5,A40rd_r,-0.7211893200874329
All Subjects,CAP-6,A40rd_r,0.1549716740846634
All Subjects,CAP-7,A40rd_r,-0.11011972278356552
All Subjects,CAP-1,A40c_l,-0.21332544088363647
All Subjects,CAP-2,A40c_l,-0.42965152859687805
All Subjects,CAP-3,A40c_l,0.5008544325828552
All Subjects,CAP-4,A40c_l,-0.2394150197505951
All Subjects,CAP-5,A40c_l,0.19243068993091583
All Subjects,CAP-6,A40c_l,-0.4889708161354065
All Subjects,CAP-7,A40c_l,0.512519359588623
All Subjects,CAP-1,A40c_r,-0.5232377052307129
All Subjects,CAP-2,A40c_r,-0.20217101275920868
All Subjects,CAP-3,A40c_r,0.44130784273147583
All Subjects,CAP-4,A40c_r,0.1991351693868637
All Subjects,CAP-5,A40c_r,-0.14447082579135895
All Subjects,CAP-6,A40c_r,-0.3272116184234619
All Subjects,CAP-7,A40c_r,0.4169747829437256
All Subjects,CAP-1,A39rv_l,0.08225744217634201
All Subjects,CAP-2,A39rv_l,0.08463969081640244
All Subjects,CAP-3,A39rv_l,-0.13830485939979553
All Subjects,CAP-4,A39rv_l,-1.0859676599502563
All Subjects,CAP-5,A39rv_l,1.061462163925171
All Subjects,CAP-6,A39rv_l,-0.2817208766937256
All Subjects,CAP-7,A39rv_l,0.13501189649105072
All Subjects,CAP-1,A39rv_r,-0.23076333105564117
All Subjects,CAP-2,A39rv_r,0.25071603059768677
All Subjects,CAP-3,A39rv_r,-0.13479170203208923
All Subjects,CAP-4,A39rv_r,-0.8818455934524536
All Subjects,CAP-5,A39rv_r,0.912753164768219
All Subjects,CAP-6,A39rv_r,-0.31802865862846375
All Subjects,CAP-7,A39rv_r,0.2261098027229309
All Subjects,CAP-1,A40rv_l,0.1281665861606598
All Subjects,CAP-2,A40rv_l,0.023152360692620277
All Subjects,CAP-3,A40rv_l,-0.21426939964294434
All Subjects,CAP-4,A40rv_l,1.112131953239441
All Subjects,CAP-5,A40rv_l,-0.980354905128479
All Subjects,CAP-6,A40rv_l,-0.37942057847976685
All Subjects,CAP-7,A40rv_l,0.360090047121048
All Subjects,CAP-1,A40rv_r,0.08475352823734283
All Subjects,CAP-2,A40rv_r,0.04527333378791809
All Subjects,CAP-3,A40rv_r,-0.2239656299352646
All Subjects,CAP-4,A40rv_r,1.1808526515960693
All Subjects,CAP-5,A40rv_r,-1.024042010307312
All Subjects,CAP-6,A40rv_r,-0.29361292719841003
All Subjects,CAP-7,A40rv_r,0.2970127463340759
All Subjects,CAP-1,A7m_l,-0.4133850634098053
All Subjects,CAP-2,A7m_l,0.34054043889045715
All Subjects,CAP-3,A7m_l,-0.05083038657903671
All Subjects,CAP-4,A7m_l,-0.31605786085128784
All Subjects,CAP-5,A7m_l,0.4069092273712158
All Subjects,CAP-6,A7m_l,0.5032342076301575
All Subjects,CAP-7,A7m_l,-0.4680396318435669
All Subjects,CAP-1,A7m_r,-0.4360862970352173
All Subjects,CAP-2,A7m_r,0.3598834276199341
All Subjects,CAP-3,A7m_r,-0.05701442435383797
All Subjects,CAP-4,A7m_r,-0.04390106722712517
All Subjects,CAP-5,A7m_r,0.1572679728269577
All Subjects,CAP-6,A7m_r,0.575508177280426
All Subjects,CAP-7,A7m_r,-0.5180538296699524
All Subjects,CAP-1,A5m_l,-0.1282183825969696
All Subjects,CAP-2,A5m_l,0.463791161775589
All Subjects,CAP-3,A5m_l,-0.42692339420318604
All Subjects,CAP-4,A5m_l,0.6059437990188599
All Subjects,CAP-5,A5m_l,-0.4630897641181946
All Subjects,CAP-6,A5m_l,0.20984812080860138
All Subjects,CAP-7,A5m_l,-0.16884636878967285
All Subjects,CAP-1,A5m_r,-0.1792939305305481
All Subjects,CAP-2,A5m_r,0.4635438919067383
All Subjects,CAP-3,A5m_r,-0.380123496055603
All Subjects,CAP-4,A5m_r,0.6770479679107666
All Subjects,CAP-5,A5m_r,-0.5347585082054138
All Subjects,CAP-6,A5m_r,0.292906790971756
All Subjects,CAP-7,A5m_r,-0.23364517092704773
All Subjects,CAP-1,dmPOS_l,-0.2889742851257324
All Subjects,CAP-2,dmPOS_l,0.5404471158981323
All Subjects,CAP-3,dmPOS_l,-0.3378015458583832
All Subjects,CAP-4,dmPOS_l,-0.46936899423599243
All Subjects,CAP-5,dmPOS_l,0.5485996603965759
All Subjects,CAP-6,dmPOS_l,0.262530118227005
All Subjects,CAP-7,dmPOS_l,-0.2804596424102783
All Subjects,CAP-1,dmPOS_r,-0.2901093363761902
All Subjects,CAP-2,dmPOS_r,0.5752909779548645
All Subjects,CAP-3,dmPOS_r,-0.37510424852371216
All Subjects,CAP-4,dmPOS_r,-0.2716047763824463
All Subjects,CAP-5,dmPOS_r,0.3664640188217163
All Subjects,CAP-6,dmPOS_r,0.3758610785007477
All Subjects,CAP-7,dmPOS_r,-0.3630654215812683
All Subjects,CAP-1,A31_l,-0.1299969106912613
All Subjects,CAP-2,A31_l,0.44486138224601746
All Subjects,CAP-3,A31_l,-0.3624149560928345
All Subjects,CAP-4,A31_l,-1.0075539350509644
All Subjects,CAP-5,A31_l,1.0648510456085205
All Subjects,CAP-6,A31_l,-0.14429451525211334
All Subjects,CAP-7,A31_l,-0.0004576408246066421
All Subjects,CAP-1,A31_r,-0.3154771625995636
All Subjects,CAP-2,A31_r,0.5517955422401428
All Subjects,CAP-3,A31_r,-0.35374170541763306
All Subjects,CAP-4,A31_r,-0.8966781497001648
All Subjects,CAP-5,A31_r,0.9924232959747314
All Subjects,CAP-6,A31_r,-0.04965159669518471
All Subjects,CAP-7,A31_r,-0.06406194716691971
All Subjects,CAP-1,A1/2/3ulhf_l,0.6218026280403137
All Subjects,CAP-2,A1/2/3ulhf_l,0.05273738130927086
All Subjects,CAP-3,A1/2/3ulhf_l,-0.39912644028663635
All Subjects,CAP-4,A1/2/3ulhf_l,0.39618611335754395
All Subjects,CAP-5,A1/2/3ulhf_l,-0.4092331528663635
All Subjects,CAP-6,A1/2/3ulhf_l,-0.31919732689857483
All Subjects,CAP-7,A1/2/3ulhf_l,0.12844806909561157
All Subjects,CAP-1,A1/2/3ulhf_r,0.5844867825508118
All Subjects,CAP-2,A1/2/3ulhf_r,0.08386853337287903
All Subjects,CAP-3,A1/2/3ulhf_r,-0.4074512720108032
All Subjects,CAP-4,A1/2/3ulhf_r,0.39614295959472656
All Subjects,CAP-5,A1/2/3ulhf_r,-0.41584187746047974
All Subjects,CAP-6,A1/2/3ulhf_r,-0.3211008906364441
All Subjects,CAP-7,A1/2/3ulhf_r,0.14871059358119965
All Subjects,CAP-1,A1/2/3tonIa_l,0.42859238386154175
All Subjects,CAP-2,A1/2/3tonIa_l,0.06872591376304626
All Subjects,CAP-3,A1/2/3tonIa_l,-0.38494741916656494
All Subjects,CAP-4,A1/2/3tonIa_l,0.7280650734901428
All Subjects,CAP-5,A1/2/3tonIa_l,-0.6567432880401611
All Subjects,CAP-6,A1/2/3tonIa_l,-0.48265311121940613
All Subjects,CAP-7,A1/2/3tonIa_l,0.3402553200721741
All Subjects,CAP-1,A1/2/3tonIa_r,0.3909234404563904
All Subjects,CAP-2,A1/2/3tonIa_r,0.10700216144323349
All Subjects,CAP-3,A1/2/3tonIa_r,-0.40290719270706177
All Subjects,CAP-4,A1/2/3tonIa_r,0.7606781125068665
All Subjects,CAP-5,A1/2/3tonIa_r,-0.6875844597816467
All Subjects,CAP-6,A1/2/3tonIa_r,-0.46349069476127625
All Subjects,CAP-7,A1/2/3tonIa_r,0.34067168831825256
All Subjects,CAP-1,A2_l,0.5623626112937927
All Subjects,CAP-2,A2_l,-0.08242902904748917
All Subjects,CAP-3,A2_l,-0.2431163489818573
All Subjects,CAP-4,A2_l,0.4267464578151703
All Subjects,CAP-5,A2_l,-0.42643415927886963
All Subjects,CAP-6,A2_l,-0.04011757671833038
All Subjects,CAP-7,A2_l,-0.08255843073129654
All Subjects,CAP-1,A2_r,0.5844188928604126
All Subjects,CAP-2,A2_r,-0.050507888197898865
All Subjects,CAP-3,A2_r,-0.28938665986061096
All Subjects,CAP-4,A2_r,0.46957898139953613
All Subjects,CAP-5,A2_r,-0.46835723519325256
All Subjects,CAP-6,A2_r,-0.058134693652391434
All Subjects,CAP-7,A2_r,-0.06698375940322876
All Subjects,CAP-1,A1/2/3tru_l,0.3553914725780487
All Subjects,CAP-2,A1/2/3tru_l,0.23721499741077423
All Subjects,CAP-3,A1/2/3tru_l,-0.43651774525642395
All Subjects,CAP-4,A1/2/3tru_l,0.612027108669281
All Subjects,CAP-5,A1/2/3tru_l,-0.5533257126808167
All Subjects,CAP-6,A1/2/3tru_l,-0.20930391550064087
All Subjects,CAP-7,A1/2/3tru_l,0.06826083362102509
All Subjects,CAP-1,A1/2/3tru_r,0.3108523190021515
All Subjects,CAP-2,A1/2/3tru_r,0.26496973633766174
All Subjects,CAP-3,A1/2/3tru_r,-0.43143603205680847
All Subjects,CAP-4,A1/2/3tru_r,0.5879884362220764
All Subjects,CAP-5,A1/2/3tru_r,-0.5394542813301086
All Subjects,CAP-6,A1/2/3tru_r,-0.12125016748905182
All Subjects,CAP-7,A1/2/3tru_r,0.01376343797892332
All Subjects,CAP-1,G_l,0.12090668082237244
All Subjects,CAP-2,G_l,0.28400683403015137
All Subjects,CAP-3,G_l,-0.43928763270378113
All Subjects,CAP-4,G_l,0.636302649974823
All Subjects,CAP-5,G_l,-0.5195907950401306
All Subjects,CAP-6,G_l,-0.5632553696632385
All Subjects,CAP-7,G_l,0.457553505897522
All Subjects,CAP-1,G_r,0.07987874001264572
All Subjects,CAP-2,G_r,0.2757916748523712
All Subjects,CAP-3,G_r,-0.4027993083000183
All Subjects,CAP-4,G_r,0.6125709414482117
All Subjects,CAP-5,G_r,-0.5020135641098022
All Subjects,CAP-6,G_r,-0.5537983179092407
All Subjects,CAP-7,G_r,0.4601951241493225
All Subjects,CAP-1,vIa_l,-0.05394347012042999
All Subjects,CAP-2,vIa_l,0.18213483691215515
All Subjects,CAP-3,vIa_l,-0.26124364137649536
All Subjects,CAP-4,vIa_l,-0.12545423209667206
All Subjects,CAP-5,vIa_l,0.16233006119728088
All Subjects,CAP-6,vIa_l,-0.7388625741004944
All Subjects,CAP-7,vIa_l,0.687996506690979
All Subjects,CAP-1,vIa_r,-0.13291612267494202
All Subjects,CAP-2,vIa_r,0.2088121622800827
All Subjects,CAP-3,vIa_r,-0.2201535552740097
All Subjects,CAP-4,vIa_r,0.012519724667072296
All Subjects,CAP-5,vIa_r,0.04553830623626709
All Subjects,CAP-6,vIa_r,-0.6176234483718872
All Subjects,CAP-7,vIa_r,0.5763557553291321
All Subjects,CAP-1,dIa_l,-0.24079886078834534
All Subjects,CAP-2,dIa_l,-0.18023844063282013
All Subjects,CAP-3,dIa_l,0.23127581179141998
All Subjects,CAP-4,dIa_l,0.6518358588218689
All Subjects,CAP-5,dIa_l,-0.5780789852142334
All Subjects,CAP-6,dIa_l,-0.5556367039680481
All Subjects,CAP-7,dIa_l,0.5753560066223145
All Subjects,CAP-1,dIa_r,-0.31185096502304077
All Subjects,CAP-2,dIa_r,-0.07996474206447601
All Subjects,CAP-3,dIa_r,0.16901089251041412
All Subjects,CAP-4,dIa_r,0.712509036064148
All Subjects,CAP-5,dIa_r,-0.6216778755187988
All Subjects,CAP-6,dIa_r,-0.5228191614151001
All Subjects,CAP-7,dIa_r,0.5642293691635132
All Subjects,CAP-1,vId/vIg_l,-0.002858530031517148
All Subjects,CAP-2,vId/vIg_l,0.17245028913021088
All Subjects,CAP-3,vId/vIg_l,-0.2998427152633667
All Subjects,CAP-4,vId/vIg_l,0.7906838655471802
All Subjects,CAP-5,vId/vIg_l,-0.6704951524734497
All Subjects,CAP-6,vId/vIg_l,-0.44792065024375916
All Subjects,CAP-7,vId/vIg_l,0.45610564947128296
All Subjects,CAP-1,vId/vIg_r,-0.015196203254163265
All Subjects,CAP-2,vId/vIg_r,0.17851077020168304
All Subjects,CAP-3,vId/vIg_r,-0.3104723393917084
All Subjects,CAP-4,vId/vIg_r,0.8485589623451233
All Subjects,CAP-5,vId/vIg_r,-0.7112712860107422
All Subjects,CAP-6,vId/vIg_r,-0.4452815651893616
All Subjects,CAP-7,vId/vIg_r,0.45687246322631836
All Subjects,CAP-1,dIg_l,0.25814709067344666
All Subjects,CAP-2,dIg_l,0.02510843425989151
All Subjects,CAP-3,dIg_l,-0.25819718837738037
All Subjects,CAP-4,dIg_l,0.584230899810791
All Subjects,CAP-5,dIg_l,-0.51389479637146
All Subjects,CAP-6,dIg_l,-0.4588604271411896
All Subjects,CAP-7,dIg_l,0.3698766529560089
All Subjects,CAP-1,dIg_r,0.2759271264076233
All Subjects,CAP-2,dIg_r,0.10199619084596634
All Subjects,CAP-3,dIg_r,-0.34225332736968994
All Subjects,CAP-4,dIg_r,0.6161441206932068
All Subjects,CAP-5,dIg_r,-0.5417734384536743
All Subjects,CAP-6,dIg_r,-0.47168880701065063
All Subjects,CAP-7,dIg_r,0.3749096095561981
All Subjects,CAP-1,dId_l,-0.04526468366384506
All Subjects,CAP-2,dId_l,0.017253054305911064
All Subjects,CAP-3,dId_l,-0.13422425091266632
All Subjects,CAP-4,dId_l,0.9333512783050537
All Subjects,CAP-5,dId_l,-0.8045783042907715
All Subjects,CAP-6,dId_l,-0.606407880783081
All Subjects,CAP-7,dId_l,0.6036601662635803
All Subjects,CAP-1,dId_r,-0.06264457106590271
All Subjects,CAP-2,dId_r,0.04087366536259651
All Subjects,CAP-3,dId_r,-0.15042966604232788
All Subjects,CAP-4,dId_r,0.995532214641571
All Subjects,CAP-5,dId_r,-0.8541172742843628
All Subjects,CAP-6,dId_r,-0.5499027371406555
All Subjects,CAP-7,dId_r,0.5591769814491272
All Subjects,CAP-1,A23d_l,-0.1748163104057312
All Subjects,CAP-2,A23d_l,0.37316635251045227
All Subjects,CAP-3,A23d_l,-0.2687932848930359
All Subjects,CAP-4,A23d_l,-1.015641450881958
All Subjects,CAP-5,A23d_l,1.0423740148544312
All Subjects,CAP-6,A23d_l,-0.27110543847084045
All Subjects,CAP-7,A23d_l,0.1485518366098404
All Subjects,CAP-1,A23d_r,-0.40717917680740356
All Subjects,CAP-2,A23d_r,0.46243467926979065
All Subjects,CAP-3,A23d_r,-0.21616894006729126
All Subjects,CAP-4,A23d_r,-0.8460533022880554
All Subjects,CAP-5,A23d_r,0.9138368368148804
All Subjects,CAP-6,A23d_r,-0.24700447916984558
All Subjects,CAP-7,A23d_r,0.1560305804014206
All Subjects,CAP-1,A24rv_l,-0.27555200457572937
All Subjects,CAP-2,A24rv_l,0.24922016263008118
All Subjects,CAP-3,A24rv_l,-0.16323766112327576
All Subjects,CAP-4,A24rv_l,0.08975758403539658
All Subjects,CAP-5,A24rv_l,-0.016576334834098816
All Subjects,CAP-6,A24rv_l,-0.5393047332763672
All Subjects,CAP-7,A24rv_l,0.5268681645393372
All Subjects,CAP-1,A24rv_r,-0.22918838262557983
All Subjects,CAP-2,A24rv_r,0.4230951964855194
All Subjects,CAP-3,A24rv_r,-0.38352349400520325
All Subjects,CAP-4,A24rv_r,-0.0048400238156318665
All Subjects,CAP-5,A24rv_r,0.10514059662818909
All Subjects,CAP-6,A24rv_r,-0.665456235408783
All Subjects,CAP-7,A24rv_r,0.6071203947067261
All Subjects,CAP-1,A32p_l,-0.3827633857727051
All Subjects,CAP-2,A32p_l,0.4621947705745697
All Subjects,CAP-3,A32p_l,-0.32169994711875916
All Subjects,CAP-4,A32p_l,-0.2026282399892807
All Subjects,CAP-5,A32p_l,0.2756853997707367
All Subjects,CAP-6,A32p_l,-0.7300801277160645
All Subjects,CAP-7,A32p_l,0.7010599970817566
All Subjects,CAP-1,A32p_r,-0.5952433347702026
All Subjects,CAP-2,A32p_r,0.44751906394958496
All Subjects,CAP-3,A32p_r,-0.19001197814941406
All Subjects,CAP-4,A32p_r,0.3698587119579315
All Subjects,CAP-5,A32p_r,-0.22422650456428528
All Subjects,CAP-6,A32p_r,-0.5949426293373108
All Subjects,CAP-7,A32p_r,0.626436173915863
All Subjects,CAP-1,A23v_l,-0.07765237241983414
All Subjects,CAP-2,A23v_l,0.6098254919052124
All Subjects,CAP-3,A23v_l,-0.5205682516098022
All Subjects,CAP-4,A23v_l,-0.6281397938728333
All Subjects,CAP-5,A23v_l,0.6667975783348083
All Subjects,CAP-6,A23v_l,0.22316019237041473
All Subjects,CAP-7,A23v_l,-0.27880045771598816
All Subjects,CAP-1,A23v_r,-0.17455779016017914
All Subjects,CAP-2,A23v_r,0.6734994053840637
All Subjects,CAP-3,A23v_r,-0.5370790362358093
All Subjects,CAP-4,A23v_r,-0.594379723072052
All Subjects,CAP-5,A23v_r,0.6633042693138123
All Subjects,CAP-6,A23v_r,0.19249823689460754
All Subjects,CAP-7,A23v_r,-0.24685218930244446
All Subjects,CAP-1,A24cd_l,-0.18154633045196533
All Subjects,CAP-2,A24cd_l,0.290554940700531
All Subjects,CAP-3,A24cd_l,-0.32974711060523987
All Subjects,CAP-4,A24cd_l,0.9899848103523254
All Subjects,CAP-5,A24cd_l,-0.7931451797485352
All Subjects,CAP-6,A24cd_l,-0.4568406343460083
All Subjects,CAP-7,A24cd_l,0.46420562267303467
All Subjects,CAP-1,A24cd_r,-0.20334261655807495
All Subjects,CAP-2,A24cd_r,0.3013803958892822
All Subjects,CAP-3,A24cd_r,-0.3219678997993469
All Subjects,CAP-4,A24cd_r,1.0275599956512451
All Subjects,CAP-5,A24cd_r,-0.8182624578475952
All Subjects,CAP-6,A24cd_r,-0.3839583992958069
All Subjects,CAP-7,A24cd_r,0.39440587162971497
All Subjects,CAP-1,A23c_l,-0.19384095072746277
All Subjects,CAP-2,A23c_l,0.4339675307273865
All Subjects,CAP-3,A23c_l,-0.4342285394668579
All Subjects,CAP-4,A23c_l,0.46021661162376404
All Subjects,CAP-5,A23c_l,-0.3147783577442169
All Subjects,CAP-6,A23c_l,-0.45427292585372925
All Subjects,CAP-7,A23c_l,0.44607460498809814
All Subjects,CAP-1,A23c_r,-0.43479132652282715
All Subjects,CAP-2,A23c_r,0.522629976272583
All Subjects,CAP-3,A23c_r,-0.3802691698074341
All Subjects,CAP-4,A23c_r,0.5170027017593384
All Subjects,CAP-5,A23c_r,-0.3250146806240082
All Subjects,CAP-6,A23c_r,-0.4356774687767029
All Subjects,CAP-7,A23c_r,0.4473032057285309
All Subjects,CAP-1,A32sg_l,-0.17537693679332733
All Subjects,CAP-2,A32sg_l,0.5307234525680542
All Subjects,CAP-3,A32sg_l,-0.46980881690979004
All Subjects,CAP-4,A32sg_l,-0.638455867767334
All Subjects,CAP-5,A32sg_l,0.6808493137359619
All Subjects,CAP-6,A32sg_l,-0.6091840267181396
All Subjects,CAP-7,A32sg_l,0.4987840950489044
All Subjects,CAP-1,A32sg_r,-0.3650089204311371
All Subjects,CAP-2,A32sg_r,0.5136114954948425
All Subjects,CAP-3,A32sg_r,-0.34893539547920227
All Subjects,CAP-4,A32sg_r,-0.5693479180335999
All Subjects,CAP-5,A32sg_r,0.6313204765319824
All Subjects,CAP-6,A32sg_r,-0.6770071983337402
All Subjects,CAP-7,A32sg_r,0.5927532911300659
All Subjects,CAP-1,cLinG_l,0.20977677404880524
All Subjects,CAP-2,cLinG_l,0.16687270998954773
All Subjects,CAP-3,cLinG_l,-0.21909235417842865
All Subjects,CAP-4,cLinG_l,-0.0011310523841530085
All Subjects,CAP-5,cLinG_l,-0.07797715812921524
All Subjects,CAP-6,cLinG_l,0.8806630373001099
All Subjects,CAP-7,cLinG_l,-0.7305797934532166
All Subjects,CAP-1,cLinG_r,0.07802165299654007
All Subjects,CAP-2,cLinG_r,0.18548837304115295
All Subjects,CAP-3,cLinG_r,-0.14712460339069366
All Subjects,CAP-4,cLinG_r,-0.08244651556015015
All Subjects,CAP-5,cLinG_r,0.01443159207701683
All Subjects,CAP-6,cLinG_r,0.9246429204940796
All Subjects,CAP-7,cLinG_r,-0.7676981687545776
All Subjects,CAP-1,rCunG_l,0.3220826983451843
All Subjects,CAP-2,rCunG_l,0.22901703417301178
All Subjects,CAP-3,rCunG_l,-0.35469838976860046
All Subjects,CAP-4,rCunG_l,0.13916052877902985
All Subjects,CAP-5,rCunG_l,-0.22973601520061493
All Subjects,CAP-6,rCunG_l,0.8088218569755554
All Subjects,CAP-7,rCunG_l,-0.6614707112312317
All Subjects,CAP-1,rCunG_r,0.2782796025276184
All Subjects,CAP-2,rCunG_r,0.2647932469844818
All Subjects,CAP-3,rCunG_r,-0.3705000877380371
All Subjects,CAP-4,rCunG_r,0.08051980286836624
All Subjects,CAP-5,rCunG_r,-0.16443032026290894
All Subjects,CAP-6,rCunG_r,0.8230743408203125
All Subjects,CAP-7,rCunG_r,-0.6660862565040588
All Subjects,CAP-1,cCunG_l,0.18922507762908936
All Subjects,CAP-2,cCunG_l,0.17781095206737518
All Subjects,CAP-3,cCunG_l,-0.21962283551692963
All Subjects,CAP-4,cCunG_l,-0.008474647998809814
All Subjects,CAP-5,cCunG_l,-0.06724930554628372
All Subjects,CAP-6,cCunG_l,0.8838764429092407
All Subjects,CAP-7,cCunG_l,-0.7299248576164246
All Subjects,CAP-1,cCunG_r,0.23324932157993317
All Subjects,CAP-2,cCunG_r,0.20877322554588318
All Subjects,CAP-3,cCunG_r,-0.2869817018508911
All Subjects,CAP-4,cCunG_r,0.04567216709256172
All Subjects,CAP-5,cCunG_r,-0.13257478177547455
All Subjects,CAP-6,cCunG_r,0.9023597240447998
All Subjects,CAP-7,cCunG_r,-0.7221255898475647
All Subjects,CAP-1,rLinG_l,0.4417196810245514
All Subjects,CAP-2,rLinG_l,0.2200845330953598
All Subjects,CAP-3,rLinG_l,-0.43309688568115234
All Subjects,CAP-4,rLinG_l,0.21152862906455994
All Subjects,CAP-5,rLinG_l,-0.30674177408218384
All Subjects,CAP-6,rLinG_l,0.7448773980140686
All Subjects,CAP-7,rLinG_l,-0.608836829662323
All Subjects,CAP-1,rLinG_r,0.4520739018917084
All Subjects,CAP-2,rLinG_r,0.21250206232070923
All Subjects,CAP-3,rLinG_r,-0.43055832386016846
All Subjects,CAP-4,rLinG_r,0.20501016080379486
All Subjects,CAP-5,rLinG_r,-0.3038051426410675
All Subjects,CAP-6,rLinG_r,0.7535390853881836
All Subjects,CAP-7,rLinG_r,-0.6164329648017883
All Subjects,CAP-1,vmPOS_l,0.3251427412033081
All Subjects,CAP-2,vmPOS_l,0.31768444180488586
All Subjects,CAP-3,vmPOS_l,-0.4502972960472107
All Subjects,CAP-4,vmPOS_l,0.12603040039539337
All Subjects,CAP-5,vmPOS_l,-0.18631137907505035
All Subjects,CAP-6,vmPOS_l,0.6551950573921204
All Subjects,CAP-7,vmPOS_l,-0.5665942430496216
All Subjects,CAP-1,vmPOS_r,0.28048592805862427
All Subjects,CAP-2,vmPOS_r,0.37268421053886414
All Subjects,CAP-3,vmPOS_r,-0.4806445240974426
All Subjects,CAP-4,vmPOS_r,0.06844703108072281
All Subjects,CAP-5,vmPOS_r,-0.12283621728420258
All Subjects,CAP-6,vmPOS_r,0.669958770275116
All Subjects,CAP-7,vmPOS_r,-0.5741079449653625
All Subjects,CAP-1,mOccG_l,0.4324832856655121
All Subjects,CAP-2,mOccG_l,0.10410124063491821
All Subjects,CAP-3,mOccG_l,-0.3117854595184326
All Subjects,CAP-4,mOccG_l,0.19831150770187378
All Subjects,CAP-5,mOccG_l,-0.3051210343837738
All Subjects,CAP-6,mOccG_l,0.9572511315345764
All Subjects,CAP-7,mOccG_l,-0.7695782780647278
All Subjects,CAP-1,mOccG_r,0.4635985791683197
All Subjects,CAP-2,mOccG_r,0.08050476014614105
All Subjects,CAP-3,mOccG_r,-0.31461745500564575
All Subjects,CAP-4,mOccG_r,0.1614006608724594
All Subjects,CAP-5,mOccG_r,-0.27927538752555847
All Subjects,CAP-6,mOccG_r,0.9472662210464478
All Subjects,CAP-7,mOccG_r,-0.7516754269599915
All Subjects,CAP-1,V5/MT/plus_l,0.4913337528705597
All Subjects,CAP-2,V5/MT/plus_l,0.0964663103222847
All Subjects,CAP-3,V5/MT/plus_l,-0.352152943611145
All Subjects,CAP-4,V5/MT/plus_l,0.24199774861335754
All Subjects,CAP-5,V5/MT/plus_l,-0.30033743381500244
All Subjects,CAP-6,V5/MT/plus_l,0.6758687496185303
All Subjects,CAP-7,V5/MT/plus_l,-0.6007302403450012
All Subjects,CAP-1,V5/MT/plus_r,0.5076711177825928
All Subjects,CAP-2,V5/MT/plus_r,0.07997481524944305
All Subjects,CAP-3,V5/MT/plus_r,-0.3435758352279663
All Subjects,CAP-4,V5/MT/plus_r,0.21556319296360016
All Subjects,CAP-5,V5/MT/plus_r,-0.2886485159397125
All Subjects,CAP-6,V5/MT/plus_r,0.692199170589447
All Subjects,CAP-7,V5/MT/plus_r,-0.6057307720184326
All Subjects,CAP-1,OPC_l,0.26712051033973694
All Subjects,CAP-2,OPC_l,0.13459648191928864
All Subjects,CAP-3,OPC_l,-0.21480056643486023
All Subjects,CAP-4,OPC_l,-0.0014672253746539354
All Subjects,CAP-5,OPC_l,-0.08389073610305786
All Subjects,CAP-6,OPC_l,0.7539920806884766
All Subjects,CAP-7,OPC_l,-0.6465002298355103
All Subjects,CAP-1,OPC_r,0.2653779983520508
All Subjects,CAP-2,OPC_r,0.1294780671596527
All Subjects,CAP-3,OPC_r,-0.20379605889320374
All Subjects,CAP-4,OPC_r,-0.02753247134387493
All Subjects,CAP-5,OPC_r,-0.06491898745298386
All Subjects,CAP-6,OPC_r,0.7631011605262756
All Subjects,CAP-7,OPC_r,-0.6534619331359863
All Subjects,CAP-1,iOccG_l,0.27239736914634705
All Subjects,CAP-2,iOccG_l,0.14663167297840118
All Subjects,CAP-3,iOccG_l,-0.22164671123027802
All Subjects,CAP-4,iOccG_l,0.042588964104652405
All Subjects,CAP-5,iOccG_l,-0.12140525877475739
All Subjects,CAP-6,iOccG_l,0.7766857743263245
All Subjects,CAP-7,iOccG_l,-0.6786036491394043
All Subjects,CAP-1,iOccG_r,0.2538610100746155
All Subjects,CAP-2,iOccG_r,0.13199296593666077
All Subjects,CAP-3,iOccG_r,-0.19482702016830444
All Subjects,CAP-4,iOccG_r,0.012397951446473598
All Subjects,CAP-5,iOccG_r,-0.094619520008564
All Subjects,CAP-6,iOccG_r,0.8165812492370605
All Subjects,CAP-7,iOccG_r,-0.7068443298339844
All Subjects,CAP-1,msOccG_l,0.33444997668266296
All Subjects,CAP-2,msOccG_l,0.2027008831501007
All Subjects,CAP-3,msOccG_l,-0.34803545475006104
All Subjects,CAP-4,msOccG_l,0.20284990966320038
All Subjects,CAP-5,msOccG_l,-0.28410983085632324
All Subjects,CAP-6,msOccG_l,0.9428918361663818
All Subjects,CAP-7,msOccG_l,-0.7626585960388184
All Subjects,CAP-1,msOccG_r,0.3323681354522705
All Subjects,CAP-2,msOccG_r,0.19729270040988922
All Subjects,CAP-3,msOccG_r,-0.3463805019855499
All Subjects,CAP-4,msOccG_r,0.21357877552509308
All Subjects,CAP-5,msOccG_r,-0.29369112849235535
All Subjects,CAP-6,msOccG_r,0.9554157853126526
All Subjects,CAP-7,msOccG_r,-0.7667156457901001
All Subjects,CAP-1,lsOccG_l,0.2743566036224365
All Subjects,CAP-2,lsOccG_l,-0.03765061870217323
All Subjects,CAP-3,lsOccG_l,-0.04682782664895058
All Subjects,CAP-4,lsOccG_l,0.1941390186548233
All Subjects,CAP-5,lsOccG_l,-0.3051144778728485
All Subjects,CAP-6,lsOccG_l,1.0271296501159668
All Subjects,CAP-7,lsOccG_l,-0.8254919052124023
All Subjects,CAP-1,lsOccG_r,0.21745911240577698
All Subjects,CAP-2,lsOccG_r,-0.06079825013875961
All Subjects,CAP-3,lsOccG_r,0.016128413379192352
All Subjects,CAP-4,lsOccG_r,0.1891784965991974
All Subjects,CAP-5,lsOccG_r,-0.2998094856739044
All Subjects,CAP-6,lsOccG_r,1.0388091802597046
All Subjects,CAP-7,lsOccG_r,-0.830207109451294
All Subjects,CAP-1,mAmyg_l,0.3316797614097595
All Subjects,CAP-2,mAmyg_l,0.012812559492886066
All Subjects,CAP-3,mAmyg_l,-0.26941391825675964
All Subjects,CAP-4,mAmyg_l,-0.03013099730014801
All Subjects,CAP-5,mAmyg_l,0.02869138866662979
All Subjects,CAP-6,mAmyg_l,-0.23935572803020477
All Subjects,CAP-7,mAmyg_l,0.17808295786380768
All Subjects,CAP-1,mAmyg_r,0.3507174551486969
All Subjects,CAP-2,mAmyg_r,0.03874813765287399
All Subjects,CAP-3,mAmyg_r,-0.30193138122558594
All Subjects,CAP-4,mAmyg_r,-0.07420801371335983
All Subjects,CAP-5,mAmyg_r,0.07763306051492691
All Subjects,CAP-6,mAmyg_r,-0.27707797288894653
All Subjects,CAP-7,mAmyg_r,0.18888355791568756
All Subjects,CAP-1,lAmyg_l,0.25686711072921753
All Subjects,CAP-2,lAmyg_l,-0.006812767591327429
All Subjects,CAP-3,lAmyg_l,-0.17720578610897064
All Subjects,CAP-4,lAmyg_l,0.002868986688554287
All Subjects,CAP-5,lAmyg_l,-0.016841750591993332
All Subjects,CAP-6,lAmyg_l,-0.2986357808113098
All Subjects,CAP-7,lAmyg_l,0.22707387804985046
All Subjects,CAP-1,lAmyg_r,0.2735134959220886
All Subjects,CAP-2,lAmyg_r,0.042623333632946014
All Subjects,CAP-3,lAmyg_r,-0.24556410312652588
All Subjects,CAP-4,lAmyg_r,-0.012184864841401577
All Subjects,CAP-5,lAmyg_r,0.0062263901345431805
All Subjects,CAP-6,lAmyg_r,-0.2840977609157562
All Subjects,CAP-7,lAmyg_r,0.21432891488075256
All Subjects,CAP-1,rHipp_l,0.2795206606388092
All Subjects,CAP-2,rHipp_l,0.24325749278068542
All Subjects,CAP-3,rHipp_l,-0.4241723120212555
All Subjects,CAP-4,rHipp_l,-0.3942551910877228
All Subjects,CAP-5,rHipp_l,0.40289971232414246
All Subjects,CAP-6,rHipp_l,-0.32030779123306274
All Subjects,CAP-7,rHipp_l,0.16790702939033508
All Subjects,CAP-1,rHipp_r,0.20800018310546875
All Subjects,CAP-2,rHipp_r,0.2787683308124542
All Subjects,CAP-3,rHipp_r,-0.4108418822288513
All Subjects,CAP-4,rHipp_r,-0.3571684658527374
All Subjects,CAP-5,rHipp_r,0.37584471702575684
All Subjects,CAP-6,rHipp_r,-0.2529464662075043
All Subjects,CAP-7,rHipp_r,0.11865609139204025
All Subjects,CAP-1,cHipp_l,0.07804039865732193
All Subjects,CAP-2,cHipp_l,0.19592790305614471
All Subjects,CAP-3,cHipp_l,-0.24590526521205902
All Subjects,CAP-4,cHipp_l,-0.23711222410202026
All Subjects,CAP-5,cHipp_l,0.24762459099292755
All Subjects,CAP-6,cHipp_l,-0.1615002602338791
All Subjects,CAP-7,cHipp_l,0.08929895609617233
All Subjects,CAP-1,cHipp_r,0.08844851702451706
All Subjects,CAP-2,cHipp_r,0.25771987438201904
All Subjects,CAP-3,cHipp_r,-0.3153967559337616
All Subjects,CAP-4,cHipp_r,-0.20035730302333832
All Subjects,CAP-5,cHipp_r,0.22256003320217133
All Subjects,CAP-6,cHipp_r,-0.1530902087688446
All Subjects,CAP-7,cHipp_r,0.07543878257274628
All Subjects,CAP-1,mPFtha_l,-0.39909860491752625
All Subjects,CAP-2,mPFtha_l,0.2895253002643585
All Subjects,CAP-3,mPFtha_l,-0.12452545762062073
All Subjects,CAP-4,mPFtha_l,0.015912078320980072
All Subjects,CAP-5,mPFtha_l,0.08887559175491333
All Subjects,CAP-6,mPFtha_l,-0.34417402744293213
All Subjects,CAP-7,mPFtha_l,0.35322046279907227
All Subjects,CAP-1,mPFtha_r,-0.49197110533714294
All Subjects,CAP-2,mPFtha_r,0.3561144769191742
All Subjects,CAP-3,mPFtha_r,-0.13993479311466217
All Subjects,CAP-4,mPFtha_r,0.055206310003995895
All Subjects,CAP-5,mPFtha_r,0.07492413371801376
All Subjects,CAP-6,mPFtha_r,-0.3083604872226715
All Subjects,CAP-7,mPFtha_r,0.33047643303871155
All Subjects,CAP-1,mPMtha_l,-0.12318574637174606
All Subjects,CAP-2,mPMtha_l,0.026132898405194283
All Subjects,CAP-3,mPMtha_l,0.013312642462551594
All Subjects,CAP-4,mPMtha_l,0.08941520750522614
All Subjects,CAP-5,mPMtha_l,-0.05581129342317581
All Subjects,CAP-6,mPMtha_l,-0.11620524525642395
All Subjects,CAP-7,mPMtha_l,0.13351652026176453
All Subjects,CAP-1,mPMtha_r,-0.13371898233890533
All Subjects,CAP-2,mPMtha_r,0.14443621039390564
All Subjects,CAP-3,mPMtha_r,-0.12807202339172363
All Subjects,CAP-4,mPMtha_r,0.23266974091529846
All Subjects,CAP-5,mPMtha_r,-0.1624850481748581
All Subjects,CAP-6,mPMtha_r,-0.269056111574173
All Subjects,CAP-7,mPMtha_r,0.2704584300518036
All Subjects,CAP-1,Stha_l,0.051755525171756744
All Subjects,CAP-2,Stha_l,0.08477973937988281
All Subjects,CAP-3,Stha_l,-0.12081959843635559
All Subjects,CAP-4,Stha_l,0.14227980375289917
All Subjects,CAP-5,Stha_l,-0.12460872530937195
All Subjects,CAP-6,Stha_l,-0.19481033086776733
All Subjects,CAP-7,Stha_l,0.14621734619140625
All Subjects,CAP-1,Stha_r,0.09144279360771179
All Subjects,CAP-2,Stha_r,0.10193643718957901
All Subjects,CAP-3,Stha_r,-0.1646251380443573
All Subjects,CAP-4,Stha_r,0.18750908970832825
All Subjects,CAP-5,Stha_r,-0.16771259903907776
All Subjects,CAP-6,Stha_r,-0.1806153655052185
All Subjects,CAP-7,Stha_r,0.13182644546031952
All Subjects,CAP-1,rTtha_l,-0.5675414800643921
All Subjects,CAP-2,rTtha_l,0.33944740891456604
All Subjects,CAP-3,rTtha_l,-0.031211217865347862
All Subjects,CAP-4,rTtha_l,-0.03896944224834442
All Subjects,CAP-5,rTtha_l,0.1827186644077301
All Subjects,CAP-6,rTtha_l,-0.12917305529117584
All Subjects,CAP-7,rTtha_l,0.1233113557100296
All Subjects,CAP-1,rTtha_r,-0.5332679152488708
All Subjects,CAP-2,rTtha_r,0.33963537216186523
All Subjects,CAP-3,rTtha_r,-0.05792873352766037
All Subjects,CAP-4,rTtha_r,0.02858727239072323
All Subjects,CAP-5,rTtha_r,0.10612671822309494
All Subjects,CAP-6,rTtha_r,-0.15157346427440643
All Subjects,CAP-7,rTtha_r,0.15771076083183289
All Subjects,CAP-1,PPtha_l,-0.14787250757217407
All Subjects,CAP-2,PPtha_l,0.20206302404403687
All Subjects,CAP-3,PPtha_l,-0.14576531946659088
All Subjects,CAP-4,PPtha_l,0.17774558067321777
All Subjects,CAP-5,PPtha_l,-0.12244950234889984
All Subjects,CAP-6,PPtha_l,-0.12717242538928986
All Subjects,CAP-7,PPtha_l,0.1399538218975067
All Subjects,CAP-1,PPtha_r,-0.23888228833675385
All Subjects,CAP-2,PPtha_r,0.2949605882167816
All Subjects,CAP-3,PPtha_r,-0.18954704701900482
All Subjects,CAP-4,PPtha_r,0.07106401026248932
All Subjects,CAP-5,PPtha_r,0.007389474660158157
All Subjects,CAP-6,PPtha_r,0.0216137133538723
All Subjects,CAP-7,PPtha_r,0.018153974786400795
All Subjects,CAP-1,Otha_l,-0.18678992986679077
All Subjects,CAP-2,Otha_l,0.20231346786022186
All Subjects,CAP-3,Otha_l,-0.10547344386577606
All Subjects,CAP-4,Otha_l,-0.09495529532432556
All Subjects,CAP-5,Otha_l,0.1340152621269226
All Subjects,CAP-6,Otha_l,0.06120813265442848
All Subjects,CAP-7,Otha_l,-0.02818501740694046
All Subjects,CAP-1,Otha_r,-0.46851813793182373
All Subjects,CAP-2,Otha_r,0.30763161182403564
All Subjects,CAP-3,Otha_r,-0.02687772363424301
All Subjects,CAP-4,Otha_r,-0.11759468913078308
All Subjects,CAP-5,Otha_r,0.2109365165233612
All Subjects,CAP-6,Otha_r,0.03715844824910164
All Subjects,CAP-7,Otha_r,-0.019824225455522537
All Subjects,CAP-1,cTtha_l,-0.5485516786575317
All Subjects,CAP-2,cTtha_l,0.3172912895679474
All Subjects,CAP-3,cTtha_l,0.0034577015321701765
All Subjects,CAP-4,cTtha_l,-0.12100804597139359
All Subjects,CAP-5,cTtha_l,0.2198374718427658
All Subjects,CAP-6,cTtha_l,0.010734750889241695
All Subjects,CAP-7,cTtha_l,0.023917188867926598
All Subjects,CAP-1,cTtha_r,-0.5663601160049438
All Subjects,CAP-2,cTtha_r,0.26739078760147095
All Subjects,CAP-3,cTtha_r,0.04740309715270996
All Subjects,CAP-4,cTtha_r,0.014528714120388031
All Subjects,CAP-5,cTtha_r,0.09810056537389755
All Subjects,CAP-6,cTtha_r,-0.01712716370820999
All Subjects,CAP-7,cTtha_r,0.06389269977807999
All Subjects,CAP-1,lPFtha_l,-0.18077240884304047
All Subjects,CAP-2,lPFtha_l,0.17876747250556946
All Subjects,CAP-3,lPFtha_l,-0.1398562788963318
All Subjects,CAP-4,lPFtha_l,0.24674469232559204
All Subjects,CAP-5,lPFtha_l,-0.17463906109333038
All Subjects,CAP-6,lPFtha_l,-0.3146514594554901
All Subjects,CAP-7,lPFtha_l,0.32627958059310913
All Subjects,CAP-1,lPFtha_r,-0.3140682280063629
All Subjects,CAP-2,lPFtha_r,0.2629077732563019
All Subjects,CAP-3,lPFtha_r,-0.14460571110248566
All Subjects,CAP-4,lPFtha_r,0.29711923003196716
All Subjects,CAP-5,lPFtha_r,-0.19611622393131256
All Subjects,CAP-6,lPFtha_r,-0.2705438435077667
All Subjects,CAP-7,lPFtha_r,0.2999807298183441
All Subjects,CAP-1,Pu_l,-0.08942999690771103
All Subjects,CAP-2,Pu_l,0.12343958020210266
All Subjects,CAP-3,Pu_l,-0.15113615989685059
All Subjects,CAP-4,Pu_l,0.3509003520011902
All Subjects,CAP-5,Pu_l,-0.2644730806350708
All Subjects,CAP-6,Pu_l,-0.5502975583076477
All Subjects,CAP-7,Pu_l,0.4943491220474243
All Subjects,CAP-1,Pu_r,-0.18112601339817047
All Subjects,CAP-2,Pu_r,0.18323999643325806
All Subjects,CAP-3,Pu_r,-0.1609755903482437
All Subjects,CAP-4,Pu_r,0.3882584869861603
All Subjects,CAP-5,Pu_r,-0.2813676595687866
All Subjects,CAP-6,Pu_r,-0.5234969854354858
All Subjects,CAP-7,Pu_r,0.48437297344207764
All Subjects,CAP-1,Ca_l,-0.4355175495147705
All Subjects,CAP-2,Ca_l,0.1817735880613327
All Subjects,CAP-3,Ca_l,0.05396363139152527
All Subjects,CAP-4,Ca_l,-0.011517695151269436
All Subjects,CAP-5,Ca_l,0.1183754950761795
All Subjects,CAP-6,Ca_l,-0.2707233726978302
All Subjects,CAP-7,Ca_l,0.2323593944311142
All Subjects,CAP-1,Ca_r,-0.4631813168525696
All Subjects,CAP-2,Ca_r,0.1993613839149475
All Subjects,CAP-3,Ca_r,0.06545690447092056
All Subjects,CAP-4,Ca_r,-0.056781698018312454
All Subjects,CAP-5,Ca_r,0.15263324975967407
All Subjects,CAP-6,Ca_r,-0.17455391585826874
All Subjects,CAP-7,Ca_r,0.15784016251564026
All Subjects,CAP-1,NAC_l,-0.010563531890511513
All Subjects,CAP-2,NAC_l,0.16620616614818573
All Subjects,CAP-3,NAC_l,-0.2012704610824585
All Subjects,CAP-4,NAC_l,0.031081851571798325
All Subjects,CAP-5,NAC_l,0.01466724555939436
All Subjects,CAP-6,NAC_l,-0.2347920835018158
All Subjects,CAP-7,NAC_l,0.19716984033584595
All Subjects,CAP-1,NAC_r,0.061270564794540405
All Subjects,CAP-2,NAC_r,0.15592676401138306
All Subjects,CAP-3,NAC_r,-0.2342078983783722
All Subjects,CAP-4,NAC_r,-0.00426320219412446
All Subjects,CAP-5,NAC_r,0.05188772827386856
All Subjects,CAP-6,NAC_r,-0.24844050407409668
All Subjects,CAP-7,NAC_r,0.1841224730014801
All Subjects,CAP-1,Gpe_l,-0.056570496410131454
All Subjects,CAP-2,Gpe_l,0.05803017318248749
All Subjects,CAP-3,Gpe_l,-0.05493874475359917
All Subjects,CAP-4,Gpe_l,0.12068763375282288
All Subjects,CAP-5,Gpe_l,-0.09309609234333038
All Subjects,CAP-6,Gpe_l,-0.24689018726348877
All Subjects,CAP-7,Gpe_l,0.22907736897468567
All Subjects,CAP-1,Gpe_r,-0.1053352802991867
All Subjects,CAP-2,Gpe_r,0.07312733680009842
All Subjects,CAP-3,Gpe_r,-0.04417736083269119
All Subjects,CAP-4,Gpe_r,0.10583291947841644
All Subjects,CAP-5,Gpe_r,-0.07370191812515259
All Subjects,CAP-6,Gpe_r,-0.16112858057022095
All Subjects,CAP-7,Gpe_r,0.17108875513076782
All Subjects,CAP-1,Gpi_l,-0.09619669616222382
All Subjects,CAP-2,Gpi_l,0.05015954375267029
All Subjects,CAP-3,Gpi_l,-0.015519059263169765
All Subjects,CAP-4,Gpi_l,0.08748521655797958
All Subjects,CAP-5,Gpi_l,-0.04343853145837784
All Subjects,CAP-6,Gpi_l,-0.03135420382022858
All Subjects,CAP-7,Gpi_l,0.03464673087000847
All Subjects,CAP-1,Gpi_r,-0.08739502727985382
All Subjects,CAP-2,Gpi_r,0.04143313691020012
All Subjects,CAP-3,Gpi_r,-0.012882327660918236
All Subjects,CAP-4,Gpi_r,0.05340981110930443
All Subjects,CAP-5,Gpi_r,-0.023230843245983124
All Subjects,CAP-6,Gpi_r,-0.008992254734039307
All Subjects,CAP-7,Gpi_r,0.0286424420773983
All Subjects,CAP-1,SN_l,-0.14937838912010193
All Subjects,CAP-2,SN_l,0.03717105835676193
All Subjects,CAP-3,SN_l,0.04203092306852341
All Subjects,CAP-4,SN_l,-0.031133983284235
All Subjects,CAP-5,SN_l,0.04790639132261276
All Subjects,CAP-6,SN_l,-0.051315996795892715
All Subjects,CAP-7,SN_l,0.06856965273618698
All Subjects,CAP-1,SN_r,-0.17710065841674805
All Subjects,CAP-2,SN_r,0.07472411543130875
All Subjects,CAP-3,SN_r,0.015937475487589836
All Subjects,CAP-4,SN_r,0.014855783432722092
All Subjects,CAP-5,SN_r,0.024893270805478096
All Subjects,CAP-6,SN_r,-0.03274840489029884
All Subjects,CAP-7,SN_r,0.046003758907318115
All Subjects,CAP-1,RN_l,-0.0737486258149147
All Subjects,CAP-2,RN_l,0.039537981152534485
All Subjects,CAP-3,RN_l,-0.0007108201971277595
All Subjects,CAP-4,RN_l,0.020078524947166443
All Subjects,CAP-5,RN_l,-0.007514452561736107
All Subjects,CAP-6,RN_l,-0.021441441029310226
All Subjects,CAP-7,RN_l,0.03085523284971714
All Subjects,CAP-1,RN_r,-0.09608647227287292
All Subjects,CAP-2,RN_r,0.06102475896477699
All Subjects,CAP-3,RN_r,-0.023328397423028946
All Subjects,CAP-4,RN_r,0.011633769609034061
All Subjects,CAP-5,RN_r,0.00551952887326479
All Subjects,CAP-6,RN_r,-0.03668740391731262
All Subjects,CAP-7,RN_r,0.060933634638786316
All Subjects,CAP-1,VTA_l,-0.10682545602321625
All Subjects,CAP-2,VTA_l,0.07437489181756973
All Subjects,CAP-3,VTA_l,-0.03023121878504753
All Subjects,CAP-4,VTA_l,0.033960048109292984
All Subjects,CAP-5,VTA_l,-0.007925618439912796
All Subjects,CAP-6,VTA_l,-0.0269938912242651
All Subjects,CAP-7,VTA_l,0.0481804683804512
All Subjects,CAP-1,VTA_r,-0.06698225438594818
All Subjects,CAP-2,VTA_r,0.08437269181013107
All Subjects,CAP-3,VTA_r,-0.049231190234422684
All Subjects,CAP-4,VTA_r,0.03805502504110336
All Subjects,CAP-5,VTA_r,-0.026429466903209686
All Subjects,CAP-6,VTA_r,-0.05918753147125244
All Subjects,CAP-7,VTA_r,0.06460734456777573
All Subjects,CAP-1,STH_l,-0.036481697112321854
All Subjects,CAP-2,STH_l,0.038845907896757126
All Subjects,CAP-3,STH_l,-0.04831847548484802
All Subjects,CAP-4,STH_l,0.03347659856081009
All Subjects,CAP-5,STH_l,-0.011472824960947037
All Subjects,CAP-6,STH_l,-0.07661071419715881
All Subjects,CAP-7,STH_l,0.08664171397686005
All Subjects,CAP-1,STH_r,-0.06754899024963379
All Subjects,CAP-2,STH_r,0.06358697265386581
All Subjects,CAP-3,STH_r,-0.0500386506319046
All Subjects,CAP-4,STH_r,0.05073719471693039
All Subjects,CAP-5,STH_r,-0.02240946888923645
All Subjects,CAP-6,STH_r,-0.05631577596068382
All Subjects,CAP-7,STH_r,0.06851604580879211
All Subjects,CAP-1,Left_I_IV,-0.3407372236251831
All Subjects,CAP-2,Left_I_IV,0.25495004653930664
All Subjects,CAP-3,Left_I_IV,-0.04755941405892372
All Subjects,CAP-4,Left_I_IV,0.2367018163204193
All Subjects,CAP-5,Left_I_IV,-0.1515384465456009
All Subjects,CAP-6,Left_I_IV,-0.03753601387143135
All Subjects,CAP-7,Left_I_IV,0.04623042792081833
All Subjects,CAP-1,Right_I_IV,-0.3513091504573822
All Subjects,CAP-2,Right_I_IV,0.2629334628582001
All Subjects,CAP-3,Right_I_IV,-0.051800332963466644
All Subjects,CAP-4,Right_I_IV,0.25108397006988525
All Subjects,CAP-5,Right_I_IV,-0.16605545580387115
All Subjects,CAP-6,Right_I_IV,-0.018568888306617737
All Subjects,CAP-7,Right_I_IV,0.039055418223142624
All Subjects,CAP-1,Left_V,-0.34983187913894653
All Subjects,CAP-2,Left_V,0.2581385672092438
All Subjects,CAP-3,Left_V,-0.042199019342660904
All Subjects,CAP-4,Left_V,0.4023831784725189
All Subjects,CAP-5,Left_V,-0.29949629306793213
All Subjects,CAP-6,Left_V,0.0836949273943901
All Subjects,CAP-7,Left_V,-0.05610793083906174
All Subjects,CAP-1,Right_V,-0.34601399302482605
All Subjects,CAP-2,Right_V,0.25088876485824585
All Subjects,CAP-3,Right_V,-0.04011612385511398
All Subjects,CAP-4,Right_V,0.40193474292755127
All Subjects,CAP-5,Right_V,-0.2890923321247101
All Subjects,CAP-6,Right_V,0.08306889235973358
All Subjects,CAP-7,Right_V,-0.06571581214666367
All Subjects,CAP-1,Left_VI,-0.6181320548057556
All Subjects,CAP-2,Left_VI,0.07837842404842377
All Subjects,CAP-3,Left_VI,0.3062305450439453
All Subjects,CAP-4,Left_VI,0.44530782103538513
All Subjects,CAP-5,Left_VI,-0.34383031725883484
All Subjects,CAP-6,Left_VI,0.36463984847068787
All Subjects,CAP-7,Left_VI,-0.22869350016117096
All Subjects,CAP-1,Vermis_VI,-0.35409268736839294
All Subjects,CAP-2,Vermis_VI,0.16522060334682465
All Subjects,CAP-3,Vermis_VI,0.07957015186548233
All Subjects,CAP-4,Vermis_VI,0.27566275000572205
All Subjects,CAP-5,Vermis_VI,-0.2153899073600769
All Subjects,CAP-6,Vermis_VI,0.4523278772830963
All Subjects,CAP-7,Vermis_VI,-0.3459923565387726
All Subjects,CAP-1,Right_VI,-0.43937981128692627
All Subjects,CAP-2,Right_VI,-0.02620941773056984
All Subjects,CAP-3,Right_VI,0.3323560059070587
All Subjects,CAP-4,Right_VI,0.27169421315193176
All Subjects,CAP-5,Right_VI,-0.22941061854362488
All Subjects,CAP-6,Right_VI,0.3125365376472473
All Subjects,CAP-7,Right_VI,-0.21803586184978485
All Subjects,CAP-1,Left_CrusI,-0.6636877059936523
All Subjects,CAP-2,Left_CrusI,0.10767842829227448
All Subjects,CAP-3,Left_CrusI,0.3398790657520294
All Subjects,CAP-4,Left_CrusI,-0.5977945923805237
All Subjects,CAP-5,Left_CrusI,0.6322258710861206
All Subjects,CAP-6,Left_CrusI,0.18091191351413727
All Subjects,CAP-7,Left_CrusI,-0.13605737686157227
All Subjects,CAP-1,Right_CrusI,-0.43088042736053467
All Subjects,CAP-2,Right_CrusI,-0.01854724809527397
All Subjects,CAP-3,Right_CrusI,0.34443557262420654
All Subjects,CAP-4,Right_CrusI,-0.723352313041687
All Subjects,CAP-5,Right_CrusI,0.698087751865387
All Subjects,CAP-6,Right_CrusI,0.18329274654388428
All Subjects,CAP-7,Right_CrusI,-0.16473661363124847
All Subjects,CAP-1,Left_CrusII,-0.5943652391433716
All Subjects,CAP-2,Left_CrusII,0.052308931946754456
All Subjects,CAP-3,Left_CrusII,0.3378069996833801
All Subjects,CAP-4,Left_CrusII,-0.5965102314949036
All Subjects,CAP-5,Left_CrusII,0.6285281181335449
All Subjects,CAP-6,Left_CrusII,0.1367810219526291
All Subjects,CAP-7,Left_CrusII,-0.0994507223367691
All Subjects,CAP-1,Vermis_CrusII,-0.1567234843969345
All Subjects,CAP-2,Vermis_CrusII,0.16722795367240906
All Subjects,CAP-3,Vermis_CrusII,-0.04499267786741257
All Subjects,CAP-4,Vermis_CrusII,0.24136294424533844
All Subjects,CAP-5,Vermis_CrusII,-0.2046556919813156
All Subjects,CAP-6,Vermis_CrusII,0.44197821617126465
All Subjects,CAP-7,Vermis_CrusII,-0.355467289686203
All Subjects,CAP-1,Right_CrusII,-0.2821754515171051
All Subjects,CAP-2,Right_CrusII,-0.10880310833454132
All Subjects,CAP-3,Right_CrusII,0.3462539613246918
All Subjects,CAP-4,Right_CrusII,-0.7698810696601868
All Subjects,CAP-5,Right_CrusII,0.7104225158691406
All Subjects,CAP-6,Right_CrusII,0.14569401741027832
All Subjects,CAP-7,Right_CrusII,-0.14116264879703522
All Subjects,CAP-1,Left_VIIb,-0.38765424489974976
All Subjects,CAP-2,Left_VIIb,-0.057356350123882294
All Subjects,CAP-3,Left_VIIb,0.30237308144569397
All Subjects,CAP-4,Left_VIIb,0.4882931709289551
All Subjects,CAP-5,Left_VIIb,-0.4457332491874695
All Subjects,CAP-6,Left_VIIb,0.4224167764186859
All Subjects,CAP-7,Left_VIIb,-0.2620449364185333
All Subjects,CAP-1,Vermis_VIIb,-0.12095403671264648
All Subjects,CAP-2,Vermis_VIIb,0.1419161558151245
All Subjects,CAP-3,Vermis_VIIb,-0.05397151783108711
All Subjects,CAP-4,Vermis_VIIb,0.15763384103775024
All Subjects,CAP-5,Vermis_VIIb,-0.1311776041984558
All Subjects,CAP-6,Vermis_VIIb,0.1763695478439331
All Subjects,CAP-7,Vermis_VIIb,-0.13580551743507385
All Subjects,CAP-1,Right_VIIb,-0.25324469804763794
All Subjects,CAP-2,Right_VIIb,-0.15283052623271942
All Subjects,CAP-3,Right_VIIb,0.36874279379844666
All Subjects,CAP-4,Right_VIIb,0.19094473123550415
All Subjects,CAP-5,Right_VIIb,-0.2201695740222931
All Subjects,CAP-6,Right_VIIb,0.3652905821800232
All Subjects,CAP-7,Right_VIIb,-0.26056811213493347
All Subjects,CAP-1,Left_VIIIa,-0.18336829543113708
All Subjects,CAP-2,Left_VIIIa,0.1147613376379013
All Subjects,CAP-3,Left_VIIIa,-0.006380545441061258
All Subjects,CAP-4,Left_VIIIa,0.670568585395813
All Subjects,CAP-5,Left_VIIIa,-0.587861955165863
All Subjects,CAP-6,Left_VIIIa,0.38528886437416077
All Subjects,CAP-7,Left_VIIIa,-0.28447020053863525
All Subjects,CAP-1,Vermis_VIIIa,-0.2667131721973419
All Subjects,CAP-2,Vermis_VIIIa,0.30433982610702515
All Subjects,CAP-3,Vermis_VIIIa,-0.11649766564369202
All Subjects,CAP-4,Vermis_VIIIa,0.2585428059101105
All Subjects,CAP-5,Vermis_VIIIa,-0.18696483969688416
All Subjects,CAP-6,Vermis_VIIIa,0.28299129009246826
All Subjects,CAP-7,Vermis_VIIIa,-0.23380325734615326
All Subjects,CAP-1,Right_VIIIa,-0.19461295008659363
All Subjects,CAP-2,Right_VIIIa,0.0982728898525238
All Subjects,CAP-3,Right_VIIIa,0.045538149774074554
All Subjects,CAP-4,Right_VIIIa,0.5690253376960754
All Subjects,CAP-5,Right_VIIIa,-0.5147704482078552
All Subjects,CAP-6,Right_VIIIa,0.410680890083313
All Subjects,CAP-7,Right_VIIIa,-0.3131512999534607
All Subjects,CAP-1,Left_VIIIb,-0.22241070866584778
All Subjects,CAP-2,Left_VIIIb,0.24471218883991241
All Subjects,CAP-3,Left_VIIIb,-0.10167242586612701
All Subjects,CAP-4,Left_VIIIb,0.4969251751899719
All Subjects,CAP-5,Left_VIIIb,-0.4135529398918152
All Subjects,CAP-6,Left_VIIIb,0.31276386976242065
All Subjects,CAP-7,Left_VIIIb,-0.24060627818107605
All Subjects,CAP-1,Vermis_VIIIb,-0.20343618094921112
All Subjects,CAP-2,Vermis_VIIIb,0.23218785226345062
All Subjects,CAP-3,Vermis_VIIIb,-0.08631792664527893
All Subjects,CAP-4,Vermis_VIIIb,0.05565197765827179
All Subjects,CAP-5,Vermis_VIIIb,-0.015656201168894768
All Subjects,CAP-6,Vermis_VIIIb,0.1347924768924713
All Subjects,CAP-7,Vermis_VIIIb,-0.11364777386188507
All Subjects,CAP-1,Right_VIIIb,-0.2218727022409439
All Subjects,CAP-2,Right_VIIIb,0.2579987049102783
All Subjects,CAP-3,Right_VIIIb,-0.11505318433046341
All Subjects,CAP-4,Right_VIIIb,0.5182355046272278
All Subjects,CAP-5,Right_VIIIb,-0.4205969274044037
All Subjects,CAP-6,Right_VIIIb,0.34911400079727173
All Subjects,CAP-7,Right_VIIIb,-0.28416234254837036
All Subjects,CAP-1,Left_IX,-0.5154693722724915
All Subjects,CAP-2,Left_IX,0.33871588110923767
All Subjects,CAP-3,Left_IX,-0.002592911012470722
All Subjects,CAP-4,Left_IX,-0.5001917481422424
All Subjects,CAP-5,Left_IX,0.5633928775787354
All Subjects,CAP-6,Left_IX,0.15167437493801117
All Subjects,CAP-7,Left_IX,-0.13159550726413727
All Subjects,CAP-1,Vermis_IX,-0.23230485618114471
All Subjects,CAP-2,Vermis_IX,0.21105578541755676
All Subjects,CAP-3,Vermis_IX,-0.04281774163246155
All Subjects,CAP-4,Vermis_IX,-0.19872036576271057
All Subjects,CAP-5,Vermis_IX,0.19898760318756104
All Subjects,CAP-6,Vermis_IX,0.19221526384353638
All Subjects,CAP-7,Vermis_IX,-0.13677562773227692
All Subjects,CAP-1,Right_IX,-0.36766934394836426
All Subjects,CAP-2,Right_IX,0.2712467610836029
All Subjects,CAP-3,Right_IX,0.0006517321453429759
All Subjects,CAP-4,Right_IX,-0.5551503300666809
All Subjects,CAP-5,Right_IX,0.5673525333404541
All Subjects,CAP-6,Right_IX,0.15537279844284058
All Subjects,CAP-7,Right_IX,-0.14798608422279358
All Subjects,CAP-1,Left_X,-0.39774832129478455
All Subjects,CAP-2,Left_X,0.2548636794090271
All Subjects,CAP-3,Left_X,0.02511315606534481
All Subjects,CAP-4,Left_X,-0.00503310514613986
All Subjects,CAP-5,Left_X,0.04312018305063248
All Subjects,CAP-6,Left_X,0.4684014320373535
All Subjects,CAP-7,Left_X,-0.35411742329597473
All Subjects,CAP-1,Vermis_X,-0.2521401047706604
All Subjects,CAP-2,Vermis_X,0.18428997695446014
All Subjects,CAP-3,Vermis_X,-0.02960856631398201
All Subjects,CAP-4,Vermis_X,-0.2746239900588989
All Subjects,CAP-5,Vermis_X,0.29295581579208374
All Subjects,CAP-6,Vermis_X,-0.0025396663695573807
All Subjects,CAP-7,Vermis_X,0.021748613566160202
All Subjects,CAP-1,Right_X,-0.43057191371917725
All Subjects,CAP-2,Right_X,0.24638909101486206
All Subjects,CAP-3,Right_X,0.042987074702978134
All Subjects,CAP-4,Right_X,-0.09683644026517868
All Subjects,CAP-5,Right_X,0.13341450691223145
All Subjects,CAP-6,Right_X,0.49143490195274353
All Subjects,CAP-7,Right_X,-0.3598773181438446
All Subjects,CAP-1,Left_Dentate,-0.21144719421863556
All Subjects,CAP-2,Left_Dentate,0.06797123700380325
All Subjects,CAP-3,Left_Dentate,0.0364716462790966
All Subjects,CAP-4,Left_Dentate,0.07388108968734741
All Subjects,CAP-5,Left_Dentate,-0.031137052923440933
All Subjects,CAP-6,Left_Dentate,-0.04022597894072533
All Subjects,CAP-7,Left_Dentate,0.07036034762859344
All Subjects,CAP-1,Right_Dentate,-0.18822437524795532
All Subjects,CAP-2,Right_Dentate,0.06563424319028854
All Subjects,CAP-3,Right_Dentate,0.04642361402511597
All Subjects,CAP-4,Right_Dentate,0.05292395129799843
All Subjects,CAP-5,Right_Dentate,-0.021997662261128426
All Subjects,CAP-6,Right_Dentate,-0.0683218389749527
All Subjects,CAP-7,Right_Dentate,0.07306884229183197
All Subjects,CAP-1,Left_Interposed,-0.08821450173854828
All Subjects,CAP-2,Left_Interposed,0.03798622265458107
All Subjects,CAP-3,Left_Interposed,0.024126296862959862
All Subjects,CAP-4,Left_Interposed,0.02733469568192959
All Subjects,CAP-5,Left_Interposed,-0.015348367393016815
All Subjects,CAP-6,Left_Interposed,-0.012080796994268894
All Subjects,CAP-7,Left_Interposed,0.010642850771546364
All Subjects,CAP-1,Right_Interposed,-0.07383304834365845
All Subjects,CAP-2,Right_Interposed,0.038418859243392944
All Subjects,CAP-3,Right_Interposed,0.01855301298201084
All Subjects,CAP-4,Right_Interposed,0.041341837495565414
All Subjects,CAP-5,Right_Interposed,-0.027567695826292038
All Subjects,CAP-6,Right_Interposed,-0.01779305934906006
All Subjects,CAP-7,Right_Interposed,0.006711494643241167
