Feature,feature_base,Gender_Cohort,N_subcohort,beta_interaction,p_interaction,beta_off_on_nonres,p_off_on_nonres,beta_off_on_res,p_off_on_res,beta_group_on,p_group_on,beta_group_off,p_group_off,Metric_Group,p_interaction_FDR,p_off_on_nonres_FDR,p_off_on_res_FDR,p_group_on_FDR,p_group_off_FDR
counts_CAP-1,counts_CAP-1,Gender_1,260,-1.0512329018320994,0.4683095047049135,0.8296407068996565,0.4338782948683968,-0.22159219493244287,0.8240327595752719,1.0207217328196152,0.37026712080312074,-0.030511169012484185,0.9786287247515657,counts,0.4683095047049135,0.4338782948683968,0.9074205089168479,0.9095907395721836,0.9786287247515657
counts_CAP-1,counts_CAP-1,Gender_2,210,0.11083068778362264,0.9500313132724555,-1.0440434889011538,0.48012568004320344,-0.9332128011175312,0.337606545661163,0.3453385293846584,0.7866156352867246,0.45616921716828107,0.7199973937704323,counts,0.9872972118149949,0.5601466267170707,0.47264916392562817,0.9850030069644908,0.7199973937704323
counts_CAP-2,counts_CAP-2,Gender_1,260,-2.3077887738829803,0.03401836235523096,1.7776963644782613,0.025550580277335477,-0.530092409404719,0.478731899789236,0.17108794793100593,0.8398471536449195,-2.136700825951974,0.011588985776037175,counts,0.23812853648661672,0.05961802064711612,0.9074205089168479,0.9095907395721836,0.08112290043226023
counts_CAP-2,counts_CAP-2,Gender_2,210,-3.1034565142472985,0.02757761783938305,3.326828935046086,0.0047454163406774885,0.22337242079878727,0.7731043612356006,2.4388304725677,0.023661082298060965,-0.6646260416795986,0.5364834609700484,counts,0.19304332487568138,0.02442774970169792,0.9019550881082007,0.16562757608642675,0.7199973937704323
counts_CAP-3,counts_CAP-3,Gender_1,260,-1.0885749139445746,0.32752392125693486,1.2599081870196898,0.12114981569229188,0.17133327307511514,0.8225818748880065,0.09617290176696597,0.9095907395721836,-0.9924020121776087,0.24119107539731277,counts,0.43247496140595176,0.2120121774615108,0.9074205089168479,0.9095907395721836,0.5627791759270632
counts_CAP-3,counts_CAP-3,Gender_2,210,-0.9583374988928981,0.44332080601937895,1.0270599747785905,0.32604906831528724,0.06872247588569236,0.9203689098347019,-0.07342098927976949,0.9396172218457028,-1.0317584881726676,0.28586010629446745,counts,0.7758114105339132,0.45646869564140213,0.9203689098347019,0.9850030069644908,0.7199973937704323
counts_CAP-4,counts_CAP-4,Gender_1,260,-1.146272570687632,0.34738028882676564,2.5682281864311536,0.003997304437726168,1.4219556157435216,0.08999966264504167,0.5387180000433842,0.5760741593486745,-0.6075545706442478,0.5282277893060026,counts,0.43247496140595176,0.020370525635101,0.6299976385152917,0.9095907395721836,0.7395189050284036
counts_CAP-4,counts_CAP-4,Gender_2,210,-0.023503063950693275,0.9872972118149949,2.0008958825669563,0.10527514362106016,1.977392818616263,0.01481833828913559,0.7637438561617783,0.5215156039077762,0.7402407922110851,0.5333516558764584,counts,0.9872972118149949,0.18423150133685529,0.03457612267464971,0.9850030069644908,0.7199973937704323
counts_CAP-5,counts_CAP-5,Gender_1,260,-1.5370547498858655,0.19840902204721977,2.4121291591012577,0.005820150181457429,0.8750744092153921,0.2871670687336345,-0.4271947888049372,0.6698410466740627,-1.9642495386908028,0.04989246973536732,counts,0.43247496140595176,0.020370525635101,0.9074205089168479,0.9095907395721836,0.1746236440737856
counts_CAP-5,counts_CAP-5,Gender_2,210,2.187054474199835,0.17488581211617948,0.7842184095075212,0.5610574098580534,2.971272883707356,0.0007979667533177803,-0.8499028860653892,0.5189234883301017,1.3371515881344456,0.3089389161137417,counts,0.4448605460799929,0.5610574098580534,0.002792883636612231,0.9850030069644908,0.7199973937704323
counts_CAP-6,counts_CAP-6,Gender_1,260,1.0695306904646775,0.37069282406224435,-0.790341547673805,0.36604627230201503,0.2791891427908725,0.734083836242508,-0.40360368008091996,0.6838074500658606,0.6659270103837576,0.5014975184289059,counts,0.43247496140595176,0.42705398435235087,0.9074205089168479,0.9095907395721836,0.7395189050284036
counts_CAP-6,counts_CAP-6,Gender_2,210,0.5123013872054805,0.725471672833448,-3.2956814831493317,0.006979357057627977,-2.7833800959438513,0.0005137130721943883,0.023723667194001517,0.9850030069644908,0.536025054399482,0.6702168533039699,counts,0.9872972118149949,0.02442774970169792,0.002792883636612231,0.9850030069644908,0.7199973937704323
counts_CAP-7,counts_CAP-7,Gender_1,260,1.4516262655012067,0.29112537783670256,-1.3416861382727556,0.18218191085325675,0.10994012722845103,0.9074205089168479,-1.307006044592615,0.22755745529963,0.1446202209085916,0.893760127685246,counts,0.43247496140595176,0.25505467519455943,0.9074205089168479,0.9095907395721836,0.9786287247515657
counts_CAP-7,counts_CAP-7,Gender_2,210,1.8676198194821063,0.1906545197485684,-2.82597885544854,0.01798366663389772,-0.9583590359664338,0.22175094338099832,-0.45638887877393836,0.6980876439322001,1.411230940708168,0.2291303567487426,counts,0.4448605460799929,0.041961888812428016,0.38806415091674706,0.9850030069644908,0.7199973937704323
persistence_CAP-1,persistence_CAP-1,Gender_1,260,0.0018004880297938517,0.9851016263801073,-0.05133198525784399,0.4666037124117839,-0.04953149722805014,0.4548769675161699,0.042624070636718615,0.5679945106859137,0.044424558666512466,0.5516711012386764,persistence,0.9851016263801073,0.941085093998537,0.6051528094069469,0.753594542849057,0.7981236086904433
persistence_CAP-1,persistence_CAP-1,Gender_2,210,-0.020030551444933948,0.8908000048991245,-0.05504273297252811,0.6517515271316978,-0.07507328441746206,0.34984667111433754,-0.1339912968375641,0.19860678971847645,-0.15402184828249807,0.1385663547217646,persistence,0.8908000048991245,0.9057001219892067,0.4081544496333938,0.927318536951591,0.4725167533650084
persistence_CAP-2,persistence_CAP-2,Gender_1,260,-0.00451380032375529,0.9642436698967058,-0.04012670732733735,0.5855346507772243,-0.04464050765109264,0.5187024080630973,-0.03544851534798862,0.6289254244339293,-0.03996231567174391,0.5858332422956647,persistence,0.9851016263801073,0.941085093998537,0.6051528094069469,0.753594542849057,0.7981236086904433
persistence_CAP-2,persistence_CAP-2,Gender_2,210,-0.1012869931339133,0.3461649196209,0.02062978371524578,0.818648788918217,-0.08065720941866752,0.17231289302207742,0.02407217211174317,0.7822820772891994,-0.07721482102217013,0.3741397269074458,persistence,0.7309409411168487,0.9057001219892067,0.24123805023090839,0.927318536951591,0.523795617670424
persistence_CAP-3,persistence_CAP-3,Gender_1,260,-0.0826279779743243,0.5184929928613373,-0.03957709755467921,0.6722036385703836,-0.1222050755290035,0.1645763057935965,0.10680392064532027,0.25859084938258725,0.024175942670995973,0.7981236086904433,persistence,0.9851016263801073,0.941085093998537,0.5760170702775878,0.753594542849057,0.7981236086904433
persistence_CAP-3,persistence_CAP-3,Gender_2,210,-0.10524275336392314,0.4176805377810564,0.12535791763315432,0.24851084113385458,0.020115164269231184,0.7781769587723433,0.06307084642537068,0.5307771450032643,-0.04217190693855245,0.6743362880899342,persistence,0.7309409411168487,0.9057001219892067,0.7781769587723433,0.927318536951591,0.7867256694382566
persistence_CAP-4,persistence_CAP-4,Gender_1,260,-0.014392906057780161,0.934620964318992,-0.008482729331770508,0.9472404858227728,-0.022875635389550668,0.8494454074192801,0.057194933549000494,0.645938179584906,0.042802027491220335,0.730943272448114,persistence,0.9851016263801073,0.9472404858227728,0.8494454074192801,0.753594542849057,0.7981236086904433
persistence_CAP-4,persistence_CAP-4,Gender_2,210,0.11288311995230033,0.5590357513375819,0.10404818523429948,0.5194036961584894,0.2169313051865998,0.04134973517687546,-0.10457218621460439,0.4486720024012272,0.008310933737695939,0.9518741018814083,persistence,0.7826500518726146,0.9057001219892067,0.1447240731190641,0.927318536951591,0.9518741018814083
persistence_CAP-5,persistence_CAP-5,Gender_1,260,0.15310264549495678,0.36509916512684193,-0.021029411395563538,0.864820576880859,0.13207323409939326,0.2553888521386245,0.15520304446764352,0.2017180867880335,0.3083056899626003,0.011194021654165942,persistence,0.9851016263801073,0.9472404858227728,0.5959073216567905,0.753594542849057,0.0783581515791616
persistence_CAP-5,persistence_CAP-5,Gender_2,210,0.1909177628081189,0.30452093161989613,-0.018429086105099246,0.9057001219892067,0.17248867670301965,0.09154789739254854,-0.013441430650589515,0.927318536951591,0.1774763321575294,0.22722578353420508,persistence,0.7309409411168487,0.9057001219892067,0.16020882043695994,0.927318536951591,0.4725167533650084
persistence_CAP-6,persistence_CAP-6,Gender_1,260,0.19464112909271716,0.14830208119201863,-0.32960927283831915,0.0008066089532237086,-0.13496814374560198,0.14444615202103872,-0.05296126869544422,0.5793535772123513,0.14167986039727293,0.13801806203519873,persistence,0.9851016263801073,0.00564626267256596,0.5760170702775878,0.753594542849057,0.48306321712319555
persistence_CAP-6,persistence_CAP-6,Gender_2,210,-0.03724902151662806,0.8313559412658748,-0.14001658641082518,0.33840148172210016,-0.17726560792745324,0.0654597444094489,-0.10599489831548393,0.415520353519655,-0.143243919832112,0.2700095733514334,persistence,0.8908000048991245,0.9057001219892067,0.15273940362204746,0.927318536951591,0.4725167533650084
persistence_CAP-7,persistence_CAP-7,Gender_1,260,0.02536149565851104,0.8424017192262121,-0.10452667153502683,0.2622371912188577,-0.0791651758765158,0.36639021991317655,0.028211701590296,0.7647051184161808,0.053573197248807033,0.569698565690355,persistence,0.9851016263801073,0.9178301692660019,0.6051528094069469,0.7647051184161808,0.7981236086904433
persistence_CAP-7,persistence_CAP-7,Gender_2,210,-0.18972259522599122,0.25175771669646807,-0.11897113254516949,0.3902460496658149,-0.3086937277711607,0.0006966525933262968,-0.02554884783628904,0.8416097858910143,-0.21527144306228027,0.09139567853561537,persistence,0.7309409411168487,0.9057001219892067,0.004876568153284078,0.927318536951591,0.4725167533650084
temporal_fraction_CAP-1,temporal_fraction_CAP-1,Gender_1,260,-0.0031216184818437633,0.7538385925795328,0.0007946680519063433,0.913109633246302,-0.0023269504299374202,0.7339196042364475,0.00659908580257362,0.4126505521610595,0.0034774673207298564,0.6658841013877608,temporal,0.879478358009455,0.913109633246302,0.7339196042364475,0.6192020257551819,0.8511969492259952
temporal_fraction_CAP-1,temporal_fraction_CAP-1,Gender_2,210,-0.0008910689317559261,0.944591958445747,-0.006771966025537874,0.5274887044088181,-0.0076630349572938,0.27749587755281624,-0.005596837786303495,0.5411737670144563,-0.006487906718059421,0.47770395409747235,temporal,0.944591958445747,0.5274887044088181,0.384787047980911,0.8105984446180838,0.6687855357364613
temporal_fraction_CAP-2,temporal_fraction_CAP-2,Gender_1,260,-0.008616873371743525,0.2729171274751657,0.004565307614575906,0.42711726787271376,-0.004051565757167619,0.4534022922728609,-0.004817872691996024,0.43942760159093197,-0.01343474606373955,0.0310483063886815,temporal,0.47760497308154004,0.5979641750217992,0.5289693409850044,0.6192020257551819,0.2173381447207705
temporal_fraction_CAP-2,temporal_fraction_CAP-2,Gender_2,210,-0.024354129702304644,0.010172862512521643,0.019278297904727147,0.015064518312520203,-0.0050758317975774965,0.3298174696979237,0.015898343391750655,0.039124544248884785,-0.008455786310553989,0.2713077996976896,temporal,0.0712100375876515,0.03515054272921381,0.384787047980911,0.2738718097421935,0.653418966411192
temporal_fraction_CAP-3,temporal_fraction_CAP-3,Gender_1,260,-0.010171232765664617,0.20672071943962367,0.0036668307403586666,0.5340166191113922,-0.006504402025305951,0.24055581060877196,0.007186385311498212,0.29295640452632554,-0.0029848474541664055,0.6621816079123422,temporal,0.47760497308154004,0.6230193889632909,0.5289693409850044,0.6192020257551819,0.8511969492259952
temporal_fraction_CAP-3,temporal_fraction_CAP-3,Gender_2,210,-0.011114237371869465,0.24153106179069905,0.013332939834867469,0.09305965822566775,0.002218702462998004,0.6707131784252423,0.0031142893674070186,0.6748815954080922,-0.007999948004462446,0.28003669989051083,temporal,0.5635724775116312,0.13028352151593484,0.6707131784252423,0.8105984446180838,0.653418966411192
temporal_fraction_CAP-4,temporal_fraction_CAP-4,Gender_1,260,-0.006362984467293526,0.46975958074085566,0.016047195411459995,0.012866502420576964,0.00968421094416647,0.11023138849288139,0.003508241046709498,0.6710643944670562,-0.0028547434205840284,0.729597385050853,temporal,0.6576634130371979,0.03002183898134625,0.38580985972508486,0.7829084602115657,0.8511969492259952
temporal_fraction_CAP-4,temporal_fraction_CAP-4,Gender_2,210,0.007886304862109072,0.5191297709277449,0.020216315978957344,0.04835303348545361,0.028102620841066416,2.9015292743350685e-05,0.0012265873330907517,0.9050054010129676,0.009112892195199824,0.37401282017325443,temporal,0.9084770991235537,0.08461780859954382,6.770234973448494e-05,0.9050054010129676,0.6545224353031953
temporal_fraction_CAP-5,temporal_fraction_CAP-5,Gender_1,260,0.0008356115419846439,0.9274832759571875,0.01234601231595886,0.0665378770569951,0.013181623857943504,0.037135292345207294,0.0004835745793215048,0.9554063357271891,0.0013191861213061487,0.8787276940250524,temporal,0.9274832759571875,0.11644128484974142,0.25994704641645106,0.9554063357271891,0.8787276940250524
temporal_fraction_CAP-5,temporal_fraction_CAP-5,Gender_2,210,0.023516626129898122,0.041092543091244216,0.007902134686721336,0.4128389053403261,0.031418760816619457,6.554598823704794e-07,-0.004294322559008142,0.6947986668155004,0.01922230357088998,0.07823327201595753,temporal,0.14382390081935476,0.4816453895637138,4.5882191765933555e-06,0.8105984446180838,0.5476329041117027
temporal_fraction_CAP-6,temporal_fraction_CAP-6,Gender_1,260,0.01663685064127198,0.035059800265024345,-0.02107470560721173,0.00026819129881938686,-0.00443785496593975,0.4142360994687744,-0.005541974645615485,0.4422871612537014,0.011094875995656495,0.12391409046951307,temporal,0.24541860185517042,0.001877339091735708,0.5289693409850044,0.6192020257551819,0.43369931664329575
temporal_fraction_CAP-6,temporal_fraction_CAP-6,Gender_2,210,0.00084564028897461,0.9342962820387986,-0.02634581414220328,0.0021544925776071366,-0.02550017385322867,6.0460294193376285e-06,-0.0046749027250299795,0.5876924017148015,-0.0038292624360553697,0.6561029457669452,temporal,0.944591958445747,0.010852869640219476,2.11611029676817e-05,0.8105984446180838,0.7654534367281027
temporal_fraction_CAP-7,temporal_fraction_CAP-7,Gender_1,260,0.010825335428209949,0.22066522893816043,-0.016621199867055902,0.010227740364059601,-0.005795864438845954,0.34073698950316533,-0.007529208415616474,0.3324814955003974,0.0032961270125934743,0.6713019642580176,temporal,0.47760497308154004,0.03002183898134625,0.5289693409850044,0.6192020257551819,0.8511969492259952
temporal_fraction_CAP-7,temporal_fraction_CAP-7,Gender_2,210,0.004218228853903474,0.7065613378877931,-0.027732120727115193,0.0031008198972055645,-0.02351389187321172,0.00013443016364234062,-0.005747133623247668,0.5255143071513961,-0.0015289047693441936,0.865526583635734,temporal,0.944591958445747,0.010852869640219476,0.00023525278637409608,0.8105984446180838,0.865526583635734
transition_frequency,transition_frequency,Gender_1,260,-4.6109844842869805,0.25197105429540234,6.728963747723112,0.022136678120108666,2.1179792634361316,0.4436281522100396,-0.305679852412318,0.9153927603452261,-4.916664336699299,0.08742749313662079,transition_frequency,0.25197105429540234,0.022136678120108666,0.4436281522100396,0.9153927603452261,0.08742749313662079
transition_frequency,transition_frequency,Gender_2,210,0.663302945356276,0.8885195008533601,-0.10596621877239415,0.9786461279350003,0.5573367265838818,0.830370361144906,2.143145152539698,0.566385862161841,2.8064480978959736,0.45157746584546676,transition_frequency,0.8885195008533601,0.9786461279350003,0.830370361144906,0.566385862161841,0.45157746584546676
transition_probability_1.1,transition_probability_1.1,Gender_1,260,-0.00309134245947475,0.8853609026086693,-0.010075683654281749,0.520474805133581,-0.013167026113756499,0.3716622045150624,0.009827908754205344,0.5540349146882526,0.0067365662947305935,0.6849721640380082,transition_probability,0.9808982622055843,0.8003872510135583,0.9570105041380925,0.9005321705610773,0.9556913185470083
transition_probability_1.1,transition_probability_1.1,Gender_2,210,-0.002505963453093318,0.9270818390882773,-0.006239300899045219,0.7851986231337238,-0.008745264352138536,0.5616784029121493,-0.03171373228836498,0.11054546199719728,-0.0342196957414583,0.08435932787404021,transition_probability,0.959133015779293,0.9082573217432578,0.6880560435673829,0.9417221828728631,0.65023971325111
transition_probability_1.2,transition_probability_1.2,Gender_1,260,0.007624944871874231,0.4276434268224285,0.002073843910880274,0.7679641958735448,0.009698788782754505,0.14214175572119458,0.0056524655783750915,0.4451168178597813,0.013277410450249322,0.0728111058592189,transition_probability,0.9808982622055843,0.8552328544955385,0.9570105041380925,0.9005321705610773,0.586428020588412
transition_probability_1.2,transition_probability_1.2,Gender_2,210,-0.0061521020265355875,0.61814575391326,0.009550673221884522,0.354571434088657,0.0033985711953489345,0.616852049706961,0.012226334693423437,0.16554115051363794,0.006074232666887849,0.4898604631608401,transition_probability,0.8186254578851282,0.6877300941746864,0.7151216627992973,0.9417221828728631,0.768170245004929
transition_probability_1.3,transition_probability_1.3,Gender_1,260,-0.015075845931561149,0.07661870341881487,0.012923181244583264,0.03787471883675475,-0.0021526646869778846,0.7129443845321117,0.00461510412939436,0.47254040057204794,-0.010460741802166789,0.103401096636341,transition_probability,0.8193119274717798,0.23198265287512287,0.9570105041380925,0.9005321705610773,0.586428020588412
transition_probability_1.3,transition_probability_1.3,Gender_2,210,-0.010959587426933103,0.2786631001214436,0.008261652456263374,0.3291244072125541,-0.0026979349706697294,0.6275557449055058,0.013915340233749357,0.08970819004447361,0.0029557528068162534,0.7178104893926989,transition_probability,0.8186254578851282,0.6877300941746864,0.7151216627992973,0.9417221828728631,0.9018644610318525
transition_probability_1.4,transition_probability_1.4,Gender_1,260,-0.004843748801104392,0.6480253173258917,0.007533766475539317,0.3316175684642897,0.002690017674434925,0.7122909909492183,-0.0031473508248242676,0.7036058416833615,-0.00799109962592866,0.3339479028649819,transition_probability,0.9808982622055843,0.773774326416676,0.9570105041380925,0.9005321705610773,0.9556913185470083
transition_probability_1.4,transition_probability_1.4,Gender_2,210,0.009647148671494967,0.4362055883995507,0.005684332863495808,0.5835863602134841,0.015331481534990775,0.02434974826203007,-0.002303085503756265,0.8219078987537078,0.007344063167738702,0.4717401999860129,transition_probability,0.8186254578851282,0.7965118742089643,0.14121939310092682,0.9957997597518773,0.768170245004929
transition_probability_1.5,transition_probability_1.5,Gender_1,260,-0.010299653399197539,0.24252688089342445,0.014192004212653854,0.02764141254274799,0.0038923508134563155,0.5205079883051702,0.0019070606355861372,0.7785325899633662,-0.0083925927636114,0.21574861357062103,transition_probability,0.8723643254311004,0.20754602043393233,0.9570105041380925,0.9005321705610773,0.7551201474971736
transition_probability_1.5,transition_probability_1.5,Gender_2,210,0.01396610947589625,0.16858864032037513,0.004280118363191754,0.6139546220871146,0.018246227839088004,0.0010739312863781159,0.0010296444572918699,0.8950486159421946,0.014995753933188121,0.054092844510668536,transition_probability,0.8092038349147583,0.813075040061314,0.019856422840027827,0.9957997597518773,0.65023971325111
transition_probability_1.6,transition_probability_1.6,Gender_1,260,0.021299990501828243,0.027153751129865688,-0.015371306553130923,0.029137056556410856,0.005928683948697321,0.3707286870530795,-0.007293283898283098,0.29845256720481306,0.014006706603545145,0.04579705053391825,transition_probability,0.6702282480886719,0.20754602043393233,0.9570105041380925,0.9005321705610773,0.586428020588412
transition_probability_1.6,transition_probability_1.6,Gender_2,210,-0.01181500996120448,0.2572493451347776,-0.009636878348003725,0.2693717205263919,-0.021451888309208203,0.00018322292672401375,0.00976803949955587,0.23589425582320667,-0.0020469704616486104,0.803339901047684,transition_probability,0.8186254578851282,0.6877300941746864,0.008977923409476674,0.9417221828728631,0.9372298845556314
transition_probability_1.7,transition_probability_1.7,Gender_1,260,0.004395523895532196,0.6411990520908226,-0.011384328667301545,0.09897305220039976,-0.0069888047717693485,0.28125597541493796,-0.011605869190750523,0.12762643904262472,-0.007210345295218326,0.34377646912452753,transition_probability,0.9808982622055843,0.44110328465468746,0.9570105041380925,0.7817119391360765,0.9556913185470083
transition_probability_1.7,transition_probability_1.7,Gender_2,210,0.007797468766622008,0.4816393319516227,-0.011876036608973154,0.19981407965648268,-0.004078567842351146,0.5036603120374821,-0.002907426664744264,0.713422377505154,0.004890042101877745,0.5358095279125406,transition_probability,0.8186254578851282,0.6527259935445101,0.6754039320671691,0.9957997597518773,0.768170245004929
transition_probability_2.1,transition_probability_2.1,Gender_1,260,-0.005968569226007523,0.4868672751847606,0.0053034696604845446,0.39794482788739893,-0.0006650995655229789,0.9102142281602323,0.009950633007546787,0.11352624895688646,0.003982063781539263,0.5264481406257726,transition_probability,0.9808982622055843,0.8003872510135583,0.9570105041380925,0.7817119391360765,0.9556913185470083
transition_probability_2.1,transition_probability_2.1,Gender_2,210,0.001635045014314081,0.8489069880166213,0.00023994716513742298,0.9733333594040405,0.001874992179451504,0.6912199115162041,0.002277614084186816,0.7276661082500724,0.003912659098500897,0.5486930321463779,transition_probability,0.959133015779293,0.9733333594040405,0.7697676287339545,0.9957997597518773,0.768170245004929
transition_probability_2.2,transition_probability_2.2,Gender_1,260,-0.002193710428907232,0.9070665332417248,-0.009439535692503616,0.4917815217258732,-0.011633246121410848,0.3674477785353081,-0.006561594027047318,0.626039046035443,-0.00875530445595455,0.5154597727374473,transition_probability,0.9808982622055843,0.8003872510135583,0.9570105041380925,0.9005321705610773,0.9556913185470083
transition_probability_2.2,transition_probability_2.2,Gender_2,210,-0.01645738630898833,0.42594940372348566,0.003475277170871966,0.8408013350250323,-0.012982109138116362,0.25313583060458544,0.004205872274951781,0.8049694716607256,-0.012251514034036548,0.4708066855797153,transition_probability,0.8186254578851282,0.9082573217432578,0.47128903819559503,0.9957997597518773,0.768170245004929
transition_probability_2.3,transition_probability_2.3,Gender_1,260,0.01398307174485253,0.027356255024027422,-0.006100118060393553,0.18780321443321712,0.007882953684458977,0.07020514148216161,-0.007506858930349621,0.10372096471229897,0.006476212814502909,0.16032615061202948,transition_probability,0.6702282480886719,0.4882921945437811,0.9570105041380925,0.7817119391360765,0.604306259999188
transition_probability_2.3,transition_probability_2.3,Gender_2,210,-0.0040624491654590875,0.6166392662333824,0.0037024718786872906,0.5851923973780147,-0.0003599772867717969,0.9357616483779667,0.0003327643743370339,0.9542267046266881,-0.0037296847911220538,0.5190197995965338,transition_probability,0.8186254578851282,0.7965118742089643,0.9552566827191744,0.9957997597518773,0.768170245004929
transition_probability_2.4,transition_probability_2.4,Gender_1,260,0.005063280241611348,0.5309080513222224,0.002287802065361743,0.6983667753308218,0.007351082306973091,0.18531448725271504,-0.005026901139990587,0.3806157707234803,3.637910162076086e-05,0.9949364327473569,transition_probability,0.9808982622055843,0.8346334632002504,0.9570105041380925,0.9005321705610773,0.9949364327473569
transition_probability_2.4,transition_probability_2.4,Gender_2,210,-0.005378343123649494,0.5894278050217358,0.016938823052090105,0.042302664377939614,0.011560479928440611,0.034773416883548514,0.007547924757627928,0.36515758111396734,0.0021695816339784343,0.794103973675844,transition_probability,0.8186254578851282,0.3242578123471822,0.1558609087134165,0.9417221828728631,0.9372298845556314
transition_probability_2.5,transition_probability_2.5,Gender_1,260,-0.016198776159741114,0.1008329612686802,0.018154904853806327,0.011931715996216452,0.001956128694065213,0.7732066218255027,0.004070236056211936,0.6031725013922586,-0.012128540103529178,0.12129032408265106,transition_probability,0.8234691836942216,0.20605096221784674,0.9570105041380925,0.9005321705610773,0.586428020588412
transition_probability_2.5,transition_probability_2.5,Gender_2,210,0.0018485800057646464,0.8826655452653089,0.015722853437179947,0.13361763980729657,0.017571433442944595,0.0106962080270121,0.0031308768153801153,0.7597576406938762,0.004979456821144762,0.6258160068976137,transition_probability,0.959133015779293,0.545605362546461,0.10482283866471857,0.9957997597518773,0.8287833604860291
transition_probability_2.6,transition_probability_2.6,Gender_1,260,0.002970771126577698,0.7561237582779559,-0.0001178465267695953,0.9865579651255412,0.0028529245998081027,0.6643650772480822,0.002027954836521507,0.7826322722294508,0.004998725963099205,0.4963810602303602,transition_probability,0.9808982622055843,0.9958589840424485,0.9570105041380925,0.9005321705610773,0.9556913185470083
transition_probability_2.6,transition_probability_2.6,Gender_2,210,0.014091270597420337,0.16820851937743408,-0.020607036826958695,0.01596050815831407,-0.006515766229538358,0.2467847389031137,-0.00802989833777283,0.2936414196768502,0.006061372259647507,0.4268082520058334,transition_probability,0.8092038349147583,0.32089986242422436,0.47128903819559503,0.9417221828728631,0.768170245004929
transition_probability_2.7,transition_probability_2.7,Gender_1,260,0.002343773373549536,0.8050461157430655,-0.010086924214774412,0.14612824700735905,-0.007743150841224877,0.2353051327995337,0.0030472400013210887,0.6640358297115421,0.005391013374870624,0.4421400744258497,transition_probability,0.9808982622055843,0.4882921945437811,0.9570105041380925,0.9005321705610773,0.9556913185470083
transition_probability_2.7,transition_probability_2.7,Gender_2,210,0.008211554184251488,0.3930855023364177,-0.019347236396413444,0.016254909491641545,-0.011135682212161956,0.03498918358872616,-0.009388170001106979,0.2586964737790103,-0.0011766158168554901,0.8871318587887314,transition_probability,0.8186254578851282,0.32089986242422436,0.1558609087134165,0.9417221828728631,0.9659880240143963
transition_probability_3.1,transition_probability_3.1,Gender_1,260,-0.011381226091898462,0.17167070519192318,0.008315904375067249,0.1718272311719231,-0.0030653217168312135,0.5921133873734059,0.007868211044560675,0.20308846516878631,-0.0035130150473377877,0.5697623371210299,transition_probability,0.8723643254311004,0.4882921945437811,0.9570105041380925,0.9005321705610773,0.9556913185470083
transition_probability_3.1,transition_probability_3.1,Gender_2,210,-0.005738177886387716,0.5853876231210218,0.002278635661992706,0.7955699964992724,-0.0034595422243950103,0.5499949129594119,-0.0013047016732099402,0.865215191389678,-0.0070428795595976566,0.3583385044427878,transition_probability,0.8186254578851282,0.9082573217432578,0.6880560435673829,0.9957997597518773,0.768170245004929
transition_probability_3.2,transition_probability_3.2,Gender_1,260,0.00013122810785713053,0.9808982622055843,-0.0010890284642259035,0.785655212007502,-0.000957800356368773,0.799159909660117,-8.337562167188695e-06,0.9982894499019206,0.00012289054568994184,0.9747867438451039,transition_probability,0.9808982622055843,0.8554912308526132,0.9570105041380925,0.9982894499019206,0.9949364327473569
transition_probability_3.2,transition_probability_3.2,Gender_2,210,-0.013433117256696213,0.05579573855588966,0.010230402862494645,0.0815949837085832,-0.003202714394201568,0.40704463607110375,0.008227630949563492,0.12691941644596683,-0.005205486307132721,0.3329802063078158,transition_probability,0.5900000028908291,0.3986825417287018,0.6043996111358814,0.9417221828728631,0.768170245004929
transition_probability_3.3,transition_probability_3.3,Gender_1,260,-0.0015797283369205558,0.9371620620580157,-0.010176226733225968,0.4870141892740354,-0.011755955070146524,0.393016909848682,0.007752169950133641,0.5876233128529265,0.006172441613213085,0.6658407012026097,transition_probability,0.9808982622055843,0.8003872510135583,0.9570105041380925,0.9005321705610773,0.9556913185470083
transition_probability_3.3,transition_probability_3.3,Gender_2,210,-0.013544973888416972,0.5124364601790791,0.015319104014869144,0.3760688338403364,0.0017741301264521721,0.8759377159831787,0.00990158370948289,0.5588167167248685,-0.0036433901789340827,0.8292344805803402,transition_probability,0.8186254578851282,0.6877300941746864,0.9330640887646903,0.9957997597518773,0.944941617405504
transition_probability_3.4,transition_probability_3.4,Gender_1,260,-0.005967956175056096,0.42244306003833887,0.01193499055307291,0.02820126952908608,0.0059670343780168136,0.24315263341220472,0.010344282714167609,0.06492035485787939,0.004376326539111512,0.43476409595222454,transition_probability,0.9808982622055843,0.20754602043393233,0.9570105041380925,0.7817119391360765,0.9556913185470083
transition_probability_3.4,transition_probability_3.4,Gender_2,210,-0.013012012359971847,0.2070092173664838,0.016509769045391937,0.055550800632852226,0.00349775668542009,0.5375222206741832,0.008285680624026723,0.28173444656441227,-0.004726331735945125,0.538196871130554,transition_probability,0.8186254578851282,0.3402486538762199,0.6880560435673829,0.9417221828728631,0.768170245004929
transition_probability_3.5,transition_probability_3.5,Gender_1,260,0.0038889642698158138,0.6375253527560322,-0.002122234633521909,0.7251283597962788,0.0017667296362939046,0.7555030480462959,-0.011127467525507731,0.0815842231642665,-0.007238503255691918,0.25715194416062914,transition_probability,0.9808982622055843,0.8459830864289919,0.9570105041380925,0.7817119391360765,0.8400296842580551
transition_probability_3.5,transition_probability_3.5,Gender_2,210,0.024247452488404268,0.04825769684010948,-0.008168430261321354,0.42615438435460673,0.016079022227082913,0.017299810982096098,-0.01136474416778965,0.2075119817625115,0.012882708320614618,0.1520745576846001,transition_probability,0.5900000028908291,0.6960521611125243,0.14121939310092682,0.9417221828728631,0.65023971325111
transition_probability_3.6,transition_probability_3.6,Gender_1,260,0.0015894890915880316,0.8435040174727546,-0.0050197718862185275,0.3936510421003041,-0.0034302827946304957,0.5351999590201342,-0.002167143482619635,0.7148250673286349,-0.0005776543910316035,0.9223979881681734,transition_probability,0.9808982622055843,0.8003872510135583,0.9570105041380925,0.9005321705610773,0.9754628680287186
transition_probability_3.6,transition_probability_3.6,Gender_2,210,0.00631502339266746,0.5908493850013772,-0.01767088912610405,0.07202947398213166,-0.011355865733436589,0.07887068383976481,-0.00678530121234641,0.4403158801729927,-0.00047027781967895043,0.9572425081697165,transition_probability,0.8186254578851282,0.3921604694582724,0.2605719887642054,0.9807035512943929,0.982534826847027
transition_probability_3.7,transition_probability_3.7,Gender_1,260,0.013322045223274874,0.23347164258407294,-0.001874600933313685,0.8185272610841687,0.011447444289961188,0.13611040672957242,-0.012674260772532924,0.11424006084652683,0.0006477844507419492,0.9356480570887709,transition_probability,0.8723643254311004,0.871909473763571,0.9570105041380925,0.7817119391360765,0.9754628680287186
transition_probability_3.7,transition_probability_3.7,Gender_2,210,0.014625734730217792,0.17317941994020913,-0.017893890667412975,0.04632254462102603,-0.0032681559371951826,0.5800328098674092,-0.006588025797494846,0.4210714524539745,0.008037708932722945,0.3250875102202797,transition_probability,0.8092038349147583,0.3242578123471822,0.6932099435000745,0.9807035512943929,0.768170245004929
transition_probability_4.1,transition_probability_4.1,Gender_1,260,-0.0015598057093979111,0.8483440926520471,0.002635597981410938,0.6582982412302154,0.001075792272013027,0.8477180352701472,0.003108728369055887,0.5911759631953744,0.0015489226596579757,0.7889464285869932,transition_probability,0.9808982622055843,0.8064153455070139,0.9570105041380925,0.9005321705610773,0.9556913185470083
transition_probability_4.1,transition_probability_4.1,Gender_2,210,-0.006785879603913646,0.4500844214169505,-0.0023303966502966292,0.7564886482850188,-0.009116276254210276,0.06505473365584558,-0.00013568123776326027,0.9842775161186255,-0.006921560841676906,0.3135273446189162,transition_probability,0.8186254578851282,0.9082573217432578,0.2452063037797256,0.9957997597518773,0.768170245004929
transition_probability_4.2,transition_probability_4.2,Gender_1,260,-0.0014007151355438562,0.8844025757841761,-0.003160464163228981,0.6535817378380031,-0.0045611792987728375,0.49081754175385695,-0.013046498877824674,0.06891772343069391,-0.01444721401336853,0.0439392785061381,transition_probability,0.9808982622055843,0.8064153455070139,0.9570105041380925,0.7817119391360765,0.586428020588412
transition_probability_4.2,transition_probability_4.2,Gender_2,210,-0.012893572274526626,0.1816580037563743,0.007521900916825804,0.3514047707148631,-0.005371671357700822,0.311823314217591,0.007295962198948799,0.308482734132999,-0.005597610075577827,0.4334795933761759,transition_probability,0.8092038349147583,0.6877300941746864,0.5112938012599199,0.9417221828728631,0.768170245004929
transition_probability_4.3,transition_probability_4.3,Gender_1,260,-0.007113787663729648,0.32202497952604237,0.006524652807905014,0.2143111607333683,-0.0005891348558246341,0.9050507892852502,0.0037126114212031346,0.5141859472033468,-0.0034011762425265137,0.5500105238007507,transition_probability,0.9281896468691809,0.5250623437967523,0.9570105041380925,0.9005321705610773,0.9556913185470083
transition_probability_4.3,transition_probability_4.3,Gender_2,210,0.0005897161367448688,0.959133015779293,0.008137731095542205,0.39767460936415566,0.008727447232287074,0.16818459426216137,0.004500127216251075,0.589941944407953,0.005089843352995943,0.541196513713456,transition_probability,0.959133015779293,0.6877300941746864,0.3745929599475412,0.9957997597518773,0.768170245004929
transition_probability_4.4,transition_probability_4.4,Gender_1,260,-0.009027397338615626,0.6144340344377448,0.00775941476887461,0.5534257944676755,-0.0012679825697410165,0.9179488509079663,0.012246211383041817,0.3355038392069285,0.0032188140444261906,0.8001215503494001,transition_probability,0.9808982622055843,0.8003872510135583,0.9570105041380925,0.9005321705610773,0.9556913185470083
transition_probability_4.4,transition_probability_4.4,Gender_2,210,0.0012612760398279406,0.9574599738864975,0.01913386272859222,0.3330203638348448,0.02039513876842016,0.11708594536534123,-0.010634637273812239,0.5289893169038433,-0.0093733612339843,0.5780881941112703,transition_probability,0.959133015779293,0.6877300941746864,0.31722678176035274,0.9957997597518773,0.7868422642070068
transition_probability_4.5,transition_probability_4.5,Gender_1,260,0.0012079965738254633,0.2503916765258969,-0.0011014071223294593,0.15146854609076899,0.00010658945149600403,0.8826101852837851,-0.0010132002884276486,0.17425650837342999,0.00019479628539781466,0.7938886454720449,transition_probability,0.8723643254311004,0.4882921945437811,0.9570105041380925,0.9005321705610773,0.9556913185470083
transition_probability_4.5,transition_probability_4.5,Gender_2,210,-0.0005436833818792296,0.6004263003939174,0.0001407309979359095,0.8711855943251656,-0.0004029523839433201,0.48047141704699814,0.0012850030273326332,0.09312473473843719,0.0007413196454534036,0.3315255269336652,transition_probability,0.8186254578851282,0.9082573217432578,0.6754039320671691,0.9417221828728631,0.768170245004929
transition_probability_4.6,transition_probability_4.6,Gender_1,260,0.009054089973470732,0.2670503037033981,-0.009480592144816287,0.11176516516454593,-0.00042650217134555454,0.9393354507851979,-0.0062037195040847625,0.2946001350761942,0.00285037046938597,0.6300529943799922,transition_probability,0.8723643254311004,0.44110328465468746,0.9589049393432229,0.9005321705610773,0.9556913185470083
transition_probability_4.6,transition_probability_4.6,Gender_2,210,0.008733693994099139,0.49424999409425296,-0.015409484884703529,0.14907376547401108,-0.00667579089060439,0.34246195201870844,-0.004581995087441426,0.6156784452933657,0.004151698906657713,0.64845779127783,transition_probability,0.8186254578851282,0.561893423709734,0.54131082738441,0.9957997597518773,0.836169257174044
transition_probability_4.7,transition_probability_4.7,Gender_1,260,0.00883153511057987,0.2976046004340327,-0.0030883026067349793,0.6181167657928701,0.00574323250384489,0.32403956776182596,0.001231882443125448,0.8377631494592599,0.010063417553705318,0.09432568148831999,transition_probability,0.9114140888292253,0.8003872510135583,0.9570105041380925,0.9005321705610773,0.586428020588412
transition_probability_4.7,transition_probability_4.7,Gender_2,210,0.009751905248932274,0.424190083498177,-0.01732137776248684,0.08950016242889225,-0.007569472513554566,0.2596898781894095,0.0021930469921110415,0.8028374614682225,0.011944952241043316,0.17284295857439824,transition_probability,0.8186254578851282,0.3986825417287018,0.47128903819559503,0.9957997597518773,0.65023971325111
transition_probability_5.1,transition_probability_5.1,Gender_1,260,0.0016674382005964382,0.8166325025700089,-0.00030390735110234063,0.9539160597775618,0.0013635308494940974,0.7826783162565094,-0.006213792456343412,0.26826875757955326,-0.004546354255746974,0.41784728720499564,transition_probability,0.9808982622055843,0.9945082325340538,0.9570105041380925,0.9005321705610773,0.9556913185470083
transition_probability_5.1,transition_probability_5.1,Gender_2,210,-0.0031690933174392433,0.7245706530362692,-0.0053477672835356045,0.47719550555451784,-0.008516860600974847,0.08508473102504666,0.0032569584945321126,0.6405100450872836,8.786517709286935e-05,0.9899229423789664,transition_probability,0.910357999968646,0.7307056178803555,0.2605719887642054,0.9957997597518773,0.9899229423789664
transition_probability_5.2,transition_probability_5.2,Gender_1,260,-0.018884951297989897,0.05413867160567414,0.009404472464350241,0.18933778972105797,-0.009480478833639656,0.1592779251446188,0.0041265486387855165,0.5531646956990577,-0.01475840265920438,0.03389260025668883,transition_probability,0.8193119274717798,0.4882921945437811,0.9570105041380925,0.9005321705610773,0.586428020588412
transition_probability_5.2,transition_probability_5.2,Gender_2,210,-0.021004258097157287,0.06020408192763562,0.02027366164223581,0.030009390431663174,-0.0007305964549214755,0.9054595191760808,0.008619215372710884,0.2803788101386968,-0.012385042724446403,0.12000654470000538,transition_probability,0.5900000028908291,0.3242578123471822,0.943989711481446,0.9417221828728631,0.65023971325111
transition_probability_5.3,transition_probability_5.3,Gender_1,260,-0.003092032482463928,0.7322226788017114,-0.0033603965493970915,0.6107656402860311,-0.00645242903186102,0.29851667869987164,-0.0012502986159855106,0.8453975478736644,-0.004342331098449438,0.4981806095816488,transition_probability,0.9808982622055843,0.8003872510135583,0.9570105041380925,0.9005321705610773,0.9556913185470083
transition_probability_5.3,transition_probability_5.3,Gender_2,210,-0.004539395537152693,0.6846187035665241,-0.001666458666300941,0.8584259623657613,-0.006205854203453634,0.3130370211795428,-0.006168519881306784,0.4397711632824106,-0.010707915418459477,0.1788662520745452,transition_probability,0.88279780196736,0.9082573217432578,0.5112938012599199,0.9807035512943929,0.65023971325111
transition_probability_5.4,transition_probability_5.4,Gender_1,260,0.0011702445577168744,0.2293575400112311,-0.0009405051811208041,0.18609028921923954,0.00022973937659607026,0.7311652237107111,-0.0013837876897614743,0.04516167802092519,-0.00021354313204459993,0.7571830203225696,transition_probability,0.8723643254311004,0.4882921945437811,0.9570105041380925,0.7817119391360765,0.9556913185470083
transition_probability_5.4,transition_probability_5.4,Gender_2,210,0.00018652371827049724,0.8712579151217557,-0.0006038760641434712,0.5302264473435985,-0.00041735234587297394,0.5099988874792909,-0.00030927455828193225,0.7068171289576752,-0.000122750840011435,0.8810499523073811,transition_probability,0.959133015779293,0.764149879995186,0.6754039320671691,0.9957997597518773,0.9659880240143963
transition_probability_5.5,transition_probability_5.5,Gender_1,260,0.006130981624397277,0.7073881876878869,0.0059076841063539776,0.6207084803778615,0.012038665730751255,0.2833995185398992,0.014397327820496375,0.23194090899528552,0.02052830944489365,0.08823685498072487,transition_probability,0.9808982622055843,0.8003872510135583,0.9570105041380925,0.9005321705610773,0.586428020588412
transition_probability_5.5,transition_probability_5.5,Gender_2,210,0.018252436118851228,0.37630454809835534,0.003383976463139241,0.8445111602388935,0.02163641258199047,0.05657219634825594,0.00032994623905728543,0.9831686185954089,0.018582382357908513,0.23361167465774813,transition_probability,0.8186254578851282,0.9082573217432578,0.2310031350887118,0.9957997597518773,0.7631314705486438
transition_probability_5.6,transition_probability_5.6,Gender_1,260,0.00421115467864711,0.45385160156875237,-0.0020805576646356753,0.6126692006184971,0.0021305970140114345,0.5812832011669802,-0.0024766995564585895,0.550775643858955,0.0017344551221885204,0.6760263292747066,transition_probability,0.9808982622055843,0.8003872510135583,0.9570105041380925,0.9005321705610773,0.9556913185470083
transition_probability_5.6,transition_probability_5.6,Gender_2,210,0.007430089009115679,0.2726914368432256,-0.013217134096742847,0.019646930352503533,-0.005787045087627168,0.12038254333933152,-0.003571265785551438,0.4838615486108644,0.003858823223564241,0.44821322644058714,transition_probability,0.8186254578851282,0.32089986242422436,0.31722678176035274,0.9934570896344223,0.768170245004929
transition_probability_5.7,transition_probability_5.7,Gender_1,260,0.008794026623566297,0.2404228876686504,-0.00859228108455625,0.11702740205124362,0.0002017455390100481,0.9687691979949218,-0.007185317970849234,0.24763092646315177,0.001608708652717063,0.7957115002051114,transition_probability,0.8723643254311004,0.44110328465468746,0.9687691979949218,0.9005321705610773,0.9556913185470083
transition_probability_5.7,transition_probability_5.7,Gender_2,210,0.0029052870178081936,0.7866958954465121,-0.002891361306760536,0.7473675515267182,1.392571104765752e-05,0.9981192935594125,-0.0021994962000347297,0.7792276876973787,0.0007057908177734639,0.9281533927769352,transition_probability,0.959133015779293,0.9082573217432578,0.9981192935594125,0.9957997597518773,0.982534826847027
transition_probability_6.1,transition_probability_6.1,Gender_1,260,0.0010595435167671757,0.9256690267456746,0.0055193337772265665,0.5061618512777715,0.006578877293993742,0.3992274868852932,0.0006929509588494757,0.9347829354638784,0.0017524944756166514,0.8360166503852389,transition_probability,0.9808982622055843,0.8003872510135583,0.9570105041380925,0.9745609327176604,0.9556913185470083
transition_probability_6.1,transition_probability_6.1,Gender_2,210,0.008583975757577725,0.5099050257369853,-0.002134414973820672,0.8446519637865344,0.006449560783757053,0.36811871485466563,0.010723369530274605,0.2672448386313797,0.01930734528785233,0.0452294844688943,transition_probability,0.8186254578851282,0.9082573217432578,0.5636817821212068,0.9417221828728631,0.65023971325111
transition_probability_6.2,transition_probability_6.2,Gender_1,260,-0.013859675812837152,0.21630030764003771,0.017810706519827166,0.029649431490561762,0.003951030706990015,0.6078190577309,0.0024688894044655055,0.7562545157909626,-0.011390786408371645,0.1520298543657903,transition_probability,0.8723643254311004,0.20754602043393233,0.9570105041380925,0.9005321705610773,0.604306259999188
transition_probability_6.2,transition_probability_6.2,Gender_2,210,-0.024902633377326483,0.05727370209573022,0.014917093886542587,0.1730650267727727,-0.009985539490783896,0.16602240159149528,0.008692828725451749,0.35290524883183716,-0.016209804651874736,0.0825070940928212,transition_probability,0.5900000028908291,0.6057275937047044,0.3745929599475412,0.9417221828728631,0.65023971325111
transition_probability_6.3,transition_probability_6.3,Gender_1,260,-0.00823987004529327,0.4997420228063646,0.006841907062381992,0.4430721139603555,-0.0013979629829112784,0.8675977624885105,0.003133079077653228,0.717608418761637,-0.005106790967640043,0.5554570995935597,transition_probability,0.9808982622055843,0.8003872510135583,0.9570105041380925,0.9005321705610773,0.9556913185470083
transition_probability_6.3,transition_probability_6.3,Gender_2,210,-0.003936959147185525,0.8081725928983938,0.013247410374131076,0.3284365673666485,0.00931045122694555,0.2968481290056961,0.004480589198233004,0.698928349188189,0.0005436300510474786,0.9624830956868835,transition_probability,0.959133015779293,0.6877300941746864,0.5112938012599199,0.9957997597518773,0.982534826847027
transition_probability_6.4,transition_probability_6.4,Gender_1,260,-0.017835086053193405,0.1395082435576883,0.021998783603253757,0.012615365033745718,0.004163697550060352,0.6155105606555249,0.004842041250423618,0.5742994101798331,-0.012993044802769787,0.13164710666270474,transition_probability,0.8723643254311004,0.20605096221784674,0.9570105041380925,0.9005321705610773,0.586428020588412
transition_probability_6.4,transition_probability_6.4,Gender_2,210,0.028688667203903173,0.020133326273457482,-0.006717641465557767,0.5152522618355388,0.021971025738345407,0.0012156993575527242,-0.009856483057328188,0.2878143149623835,0.018832184146574983,0.04176032538338581,transition_probability,0.5900000028908291,0.764149879995186,0.019856422840027827,0.9417221828728631,0.65023971325111
transition_probability_6.5,transition_probability_6.5,Gender_1,260,-0.0007166256226492153,0.9456742619621642,0.002473322762748059,0.7475381933011604,0.0017566971400988438,0.807852036427106,-0.0017614956733002943,0.8133953973484414,-0.0024781212959495095,0.739780152673619,transition_probability,0.9808982622055843,0.8518458481803921,0.9570105041380925,0.9005321705610773,0.9556913185470083
transition_probability_6.5,transition_probability_6.5,Gender_2,210,0.006964499936862439,0.48548587467606086,-0.0003835122559160914,0.9634191123585467,0.006580987680946348,0.23006505986940695,4.649902588878329e-05,0.9957997597518773,0.0070109989627512226,0.42612524275301,transition_probability,0.8186254578851282,0.9733333594040405,0.46971616390003923,0.9957997597518773,0.768170245004929
transition_probability_6.6,transition_probability_6.6,Gender_1,260,0.03970001667188626,0.08360325790528365,-0.053534669150014834,0.0014075834231308537,-0.013834652478128574,0.38006198100559274,-0.009057787557888192,0.5804359484177051,0.030642229113998068,0.06144164383386719,transition_probability,0.8193119274717798,0.06897158773341183,0.9570105041380925,0.9005321705610773,0.586428020588412
transition_probability_6.6,transition_probability_6.6,Gender_2,210,-0.017382324361809576,0.516903815390775,-0.016365129591864626,0.4655175224676007,-0.033747453953674206,0.022200692165342817,-0.013757528419010569,0.48659122757604356,-0.031139852780820147,0.11442768434641337,transition_probability,0.8186254578851282,0.7307056178803555,0.14121939310092682,0.9934570896344223,0.65023971325111
transition_probability_6.7,transition_probability_6.7,Gender_1,260,-0.00011478280786364814,0.9472600955710613,-0.0010381241824372392,0.4128987838446183,-0.0011529069903008873,0.333388602455736,-0.00028880847214972886,0.8145499285182654,-0.000403591280013377,0.7430258455079137,transition_probability,0.9808982622055843,0.8003872510135583,0.9570105041380925,0.9005321705610773,0.9556913185470083
transition_probability_6.7,transition_probability_6.7,Gender_2,210,0.0021392054825948807,0.16917130643761735,-0.0027367184221926545,0.03542217051862173,-0.0005975129395977738,0.48518689274075877,-0.00043568221067832234,0.7050296440126049,0.0017035232719165583,0.13788144093120058,transition_probability,0.8092038349147583,0.3242578123471822,0.6754039320671691,0.9957997597518773,0.65023971325111
transition_probability_7.1,transition_probability_7.1,Gender_1,260,0.008152490913303839,0.39199743472238,-0.011405347639819322,0.10124377230641657,-0.0032528567265154833,0.6190400054940568,-0.0023870928829166135,0.7275397357872548,0.005765398030387225,0.3999898292715569,transition_probability,0.9808982622055843,0.44110328465468746,0.9570105041380925,0.9005321705610773,0.9556913185470083
transition_probability_7.1,transition_probability_7.1,Gender_2,210,0.013809114828306874,0.1639432824552851,-0.006876913210372068,0.4070239332870593,0.006932201617934806,0.20417739699661808,-0.007285154485488533,0.31143531853944917,0.00652396034281834,0.3635548875630392,transition_probability,0.8092038349147583,0.6877300941746864,0.43498662838409935,0.9417221828728631,0.768170245004929
transition_probability_7.2,transition_probability_7.2,Gender_1,260,-0.006989698611288215,0.48817128691941236,3.823787511587612e-05,0.9958589840424485,-0.006951460736172339,0.31553352843514015,-0.00413974933916563,0.5675860554089331,-0.011129447950453845,0.12428218452206297,transition_probability,0.9808982622055843,0.9958589840424485,0.9570105041380925,0.9005321705610773,0.586428020588412
transition_probability_7.2,transition_probability_7.2,Gender_2,210,0.007829931094996705,0.5045992552323915,0.003367763620077848,0.7313410043992064,0.011197694715074553,0.08295654312298772,0.007636510518670942,0.3623236493613935,0.015466441613667647,0.06441910743038504,transition_probability,0.8186254578851282,0.9082573217432578,0.2605719887642054,0.9417221828728631,0.65023971325111
transition_probability_7.3,transition_probability_7.3,Gender_1,260,-0.00030453341805465037,0.9769854136401713,0.004309464771427175,0.5765833432635197,0.004004931353372525,0.5809277404620308,-0.0033398042507155755,0.6770600185154336,-0.003644337668770226,0.649432277189405,transition_probability,0.9808982622055843,0.8003872510135583,0.9570105041380925,0.9005321705610773,0.9556913185470083
transition_probability_7.3,transition_probability_7.3,Gender_2,210,-0.012013344175265457,0.26377035796819337,0.009954047186851776,0.2683951747851885,-0.002059296988413681,0.7275333650396545,0.0008684799663110026,0.9180886861509729,-0.011144864208954455,0.18578277521460285,transition_probability,0.8186254578851282,0.6877300941746864,0.7922029974876238,0.9957997597518773,0.65023971325111
transition_probability_7.4,transition_probability_7.4,Gender_1,260,-0.0011440710992948488,0.8983326570075161,0.011530127194335368,0.07826245830117862,0.01038605609504052,0.09153498809331251,0.001749441887720608,0.8010834241843612,0.0006053707884257592,0.9305115528833225,transition_probability,0.9808982622055843,0.4260956063064169,0.9570105041380925,0.9005321705610773,0.9754628680287186
transition_probability_7.4,transition_probability_7.4,Gender_2,210,-0.0005461081065505179,0.9547614792958523,0.008159859594740682,0.3109835504073186,0.007613751488190165,0.15031425852735492,0.007205411548258949,0.3431623444977048,0.006659303441708431,0.37976464348174255,transition_probability,0.959133015779293,0.6877300941746864,0.3682699333920195,0.9417221828728631,0.768170245004929
transition_probability_7.5,transition_probability_7.5,Gender_1,260,-0.0015208943447780358,0.8790126359511605,0.00390632783362585,0.5928690947688215,0.002385433488847814,0.7283335370290178,0.00014369878627160413,0.985126687669998,-0.0013771955585064318,0.8581717962462931,transition_probability,0.9808982622055843,0.8003872510135583,0.9570105041380925,0.9982894499019206,0.9556913185470083
transition_probability_7.5,transition_probability_7.5,Gender_2,210,0.006838368014665369,0.6049235076793172,0.009356611680386743,0.3973142057097412,0.01619497969505211,0.025938255875680438,0.0007601482588335941,0.9390834324379609,0.007598516273498963,0.44379241279802484,transition_probability,0.8186254578851282,0.6877300941746864,0.14121939310092682,0.9957997597518773,0.768170245004929
transition_probability_7.6,transition_probability_7.6,Gender_1,260,0.0002470673112750831,0.8113672410579419,-0.00037840461585372066,0.6170339874520558,-0.00013133730457863757,0.8535177401752518,-0.0003976464524376092,0.6039837483224084,-0.00015057914116252614,0.8442551282907866,transition_probability,0.9808982622055843,0.8003872510135583,0.9570105041380925,0.9005321705610773,0.9556913185470083
transition_probability_7.6,transition_probability_7.6,Gender_2,210,0.00021146560134026397,0.9016863992027082,-0.0016640593808193759,0.2450081874706953,-0.001452593779479112,0.12300630313156535,0.00019677284569400105,0.8761211788891252,0.000408238447034265,0.7457787005060335,transition_probability,0.959133015779293,0.6877300941746864,0.31722678176035274,0.9957997597518773,0.913578908119891
transition_probability_7.7,transition_probability_7.7,Gender_1,260,0.0015589955054010184,0.9405774421792993,-0.007993326356192777,0.6010749272073417,-0.0064343308507917585,0.6543508414182742,0.008374020118879905,0.5925267440026734,0.009933015624280924,0.5254636371926549,transition_probability,0.9808982622055843,0.8003872510135583,0.9570105041380925,0.9005321705610773,0.9556913185470083
transition_probability_7.7,transition_probability_7.7,Gender_2,210,-0.016198844777855378,0.4781482552894881,-0.022219584714214036,0.24482080546542218,-0.03841842949206942,0.0022202532538715403,-0.00933433822437277,0.5993378834213576,-0.02553318300222815,0.1496621428742948,transition_probability,0.8186254578851282,0.6877300941746864,0.027198102359926372,0.9957997597518773,0.65023971325111
