Group,Analysis_Type,Imaging_Feature,Clinical_Target,N,Spearman_r,p_value,Metric_Group,p_FDR,Significant_FDR
All_PD,Cross-sectional,counts_CAP-3,UPDRS-III(OFF),337,0.09472676154846221,0.08435024650452858,counts,0.40739346517912944,No
All_PD,Cross-sectional,counts_CAP-1,UPDRS-III(OFF),337,-0.06818592650429589,0.21459007669204963,counts,0.40739346517912944,No
All_PD,Cross-sectional,counts_CAP-2,UPDRS-III(OFF),337,0.06735381048200834,0.22025042557247515,counts,0.40739346517912944,No
All_PD,Cross-sectional,counts_CAP-5,UPDRS-III(OFF),337,0.06556238871766144,0.2327962658166454,counts,0.40739346517912944,No
All_PD,Cross-sectional,counts_CAP-6,UPDRS-III(OFF),337,0.056398948539563856,0.30482974963979587,counts,0.4267616494957142,No
All_PD,Cross-sectional,counts_CAP-4,UPDRS-III(OFF),337,0.04731942056931412,0.3893847387957217,counts,0.45428219526167535,No
All_PD,Cross-sectional,counts_CAP-7,UPDRS-III(OFF),337,0.015294948477109629,0.7809560342352388,counts,0.7809560342352388,No
All_PD,Cross-sectional,persistence_CAP-6,UPDRS-III(OFF),337,-0.10813042252695582,0.048659911471519775,persistence,0.14805466465715786,No
All_PD,Cross-sectional,persistence_CAP-3,UPDRS-III(OFF),337,-0.1045308567789856,0.05670734350987847,persistence,0.14805466465715786,No
All_PD,Cross-sectional,persistence_CAP-7,UPDRS-III(OFF),337,-0.10182715181920733,0.06345199913878194,persistence,0.14805466465715786,No
All_PD,Cross-sectional,persistence_CAP-1,UPDRS-III(OFF),337,-0.050912033190015256,0.3543603950570253,persistence,0.6201306913497944,No
All_PD,Cross-sectional,persistence_CAP-4,UPDRS-III(OFF),337,0.025582773988776532,0.6418150796255664,persistence,0.898541111475793,No
All_PD,Cross-sectional,persistence_CAP-2,UPDRS-III(OFF),337,0.013566217470348628,0.8051863035772456,persistence,0.9011311563512835,No
All_PD,Cross-sectional,persistence_CAP-5,UPDRS-III(OFF),337,-0.006833517686703677,0.9011311563512835,persistence,0.9011311563512835,No
All_PD,Cross-sectional,temporal_fraction_CAP-1,UPDRS-III(OFF),337,-0.08000863212648612,0.14515311746371468,temporal,0.5184932202721485,No
All_PD,Cross-sectional,temporal_fraction_CAP-7,UPDRS-III(OFF),337,-0.07412279363948562,0.17721340972762045,temporal,0.5184932202721485,No
All_PD,Cross-sectional,temporal_fraction_CAP-4,UPDRS-III(OFF),337,0.05889574732662943,0.2838836973125118,temporal,0.5184932202721485,No
All_PD,Cross-sectional,temporal_fraction_CAP-2,UPDRS-III(OFF),337,0.049661564987892544,0.36631980838034944,temporal,0.5184932202721485,No
All_PD,Cross-sectional,temporal_fraction_CAP-5,UPDRS-III(OFF),337,0.04924567050357351,0.3703523001943918,temporal,0.5184932202721485,No
All_PD,Cross-sectional,temporal_fraction_CAP-6,UPDRS-III(OFF),337,-0.03511870206130028,0.5230549241218443,temporal,0.6102307448088183,No
All_PD,Cross-sectional,temporal_fraction_CAP-3,UPDRS-III(OFF),337,-0.02746211373701659,0.6175354147004352,temporal,0.6175354147004352,No
All_PD,Cross-sectional,transition_frequency,UPDRS-III(OFF),337,0.09250352626140096,0.09193095509653444,transition_frequency,0.09193095509653444,No
All_PD,Cross-sectional,transition_probability_5.4,UPDRS-III(OFF),337,0.13309622377266542,0.015079341316384793,transition_probability,0.5890536084092554,No
All_PD,Cross-sectional,transition_probability_6.5,UPDRS-III(OFF),337,0.11058971288385018,0.043729530442201806,transition_probability,0.5890536084092554,No
All_PD,Cross-sectional,transition_probability_6.6,UPDRS-III(OFF),337,-0.10750153338224318,0.04999277831915599,transition_probability,0.5890536084092554,No
All_PD,Cross-sectional,transition_probability_3.3,UPDRS-III(OFF),337,-0.1054597500127713,0.05453183458509228,transition_probability,0.5890536084092554,No
All_PD,Cross-sectional,transition_probability_7.7,UPDRS-III(OFF),337,-0.10256882343661844,0.061539255415492225,transition_probability,0.5890536084092554,No
All_PD,Cross-sectional,transition_probability_4.5,UPDRS-III(OFF),337,0.09711304246643186,0.07678246324390901,transition_probability,0.5890536084092554,No
All_PD,Cross-sectional,transition_probability_3.5,UPDRS-III(OFF),337,0.09478747473153132,0.08415051548703648,transition_probability,0.5890536084092554,No
All_PD,Cross-sectional,transition_probability_2.5,UPDRS-III(OFF),337,-0.0875702827622008,0.11069783832485182,transition_probability,0.6705433689391624,No
All_PD,Cross-sectional,transition_probability_6.2,UPDRS-III(OFF),337,0.08464797714179981,0.12316102694800943,transition_probability,0.6705433689391624,No
All_PD,Cross-sectional,transition_probability_3.6,UPDRS-III(OFF),337,0.07913105951362022,0.14963081350250074,transition_probability,0.7331909861622536,No
All_PD,Cross-sectional,transition_probability_4.6,UPDRS-III(OFF),337,0.07525406495514288,0.17067522317614756,transition_probability,0.7350783776687199,No
All_PD,Cross-sectional,transition_probability_5.6,UPDRS-III(OFF),337,-0.07186395643628243,0.19082077121666838,transition_probability,0.7350783776687199,No
All_PD,Cross-sectional,transition_probability_7.5,UPDRS-III(OFF),337,0.07038312113545415,0.20014759301280174,transition_probability,0.7350783776687199,No
All_PD,Cross-sectional,transition_probability_7.4,UPDRS-III(OFF),337,0.06886897010028538,0.21002239361963423,transition_probability,0.7350783776687199,No
All_PD,Cross-sectional,transition_probability_1.2,UPDRS-III(OFF),337,0.0643600606277547,0.24149456572535857,transition_probability,0.7532724866016656,No
All_PD,Cross-sectional,transition_probability_1.3,UPDRS-III(OFF),337,0.058705759333123546,0.28544257983277416,transition_probability,0.7532724866016656,No
All_PD,Cross-sectional,transition_probability_3.2,UPDRS-III(OFF),337,0.05836771558065827,0.2882305044507549,transition_probability,0.7532724866016656,No
All_PD,Cross-sectional,transition_probability_2.4,UPDRS-III(OFF),337,0.05834950832980031,0.2883811807899106,transition_probability,0.7532724866016656,No
All_PD,Cross-sectional,transition_probability_2.3,UPDRS-III(OFF),337,0.05790391175821539,0.29208524990676826,transition_probability,0.7532724866016656,No
All_PD,Cross-sectional,transition_probability_3.4,UPDRS-III(OFF),337,0.05396714070657513,0.32618831675386867,transition_probability,0.7967389134654812,No
All_PD,Cross-sectional,transition_probability_1.1,UPDRS-III(OFF),337,-0.049346148560743826,0.3693755644631586,transition_probability,0.7967389134654812,No
All_PD,Cross-sectional,transition_probability_5.1,UPDRS-III(OFF),337,-0.04766462752869831,0.3859310136007399,transition_probability,0.7967389134654812,No
All_PD,Cross-sectional,transition_probability_4.3,UPDRS-III(OFF),337,-0.046825390056337526,0.39435985256476086,transition_probability,0.7967389134654812,No
All_PD,Cross-sectional,transition_probability_4.2,UPDRS-III(OFF),337,-0.045030906431607544,0.4127507209988769,transition_probability,0.7967389134654812,No
All_PD,Cross-sectional,transition_probability_3.1,UPDRS-III(OFF),337,-0.04364655780491402,0.4272778845105387,transition_probability,0.7967389134654812,No
All_PD,Cross-sectional,transition_probability_6.4,UPDRS-III(OFF),337,0.04267313661290764,0.43766802419392753,transition_probability,0.7967389134654812,No
All_PD,Cross-sectional,transition_probability_1.4,UPDRS-III(OFF),337,-0.04254751037135193,0.43901940129730593,transition_probability,0.7967389134654812,No
All_PD,Cross-sectional,transition_probability_6.3,UPDRS-III(OFF),337,0.04025351174869628,0.4641122271707725,transition_probability,0.8121963975488519,No
All_PD,Cross-sectional,transition_probability_4.7,UPDRS-III(OFF),337,-0.03409600873030586,0.5352350897182949,transition_probability,0.9017501646730386,No
All_PD,Cross-sectional,transition_probability_6.7,UPDRS-III(OFF),337,0.031264257372477226,0.5696867757381487,transition_probability,0.9017501646730386,No
All_PD,Cross-sectional,transition_probability_2.1,UPDRS-III(OFF),337,-0.031198835092330332,0.5704950021400856,transition_probability,0.9017501646730386,No
All_PD,Cross-sectional,transition_probability_3.7,UPDRS-III(OFF),337,0.027343361257960903,0.6190577223032409,transition_probability,0.9415339375795274,No
All_PD,Cross-sectional,transition_probability_4.4,UPDRS-III(OFF),337,0.025010686670154186,0.64928395225853,transition_probability,0.9415339375795274,No
All_PD,Cross-sectional,transition_probability_5.2,UPDRS-III(OFF),337,0.021745420388633602,0.6925688790302356,transition_probability,0.9415339375795274,No
All_PD,Cross-sectional,transition_probability_1.6,UPDRS-III(OFF),337,-0.02162460086698406,0.6941909153618384,transition_probability,0.9415339375795274,No
All_PD,Cross-sectional,transition_probability_6.1,UPDRS-III(OFF),337,-0.018986417890774727,0.729945582084089,transition_probability,0.9415339375795274,No
All_PD,Cross-sectional,transition_probability_7.2,UPDRS-III(OFF),337,-0.01703616860176627,0.7567629457556847,transition_probability,0.9415339375795274,No
All_PD,Cross-sectional,transition_probability_7.3,UPDRS-III(OFF),337,0.016198887414119446,0.7683684189709076,transition_probability,0.9415339375795274,No
All_PD,Cross-sectional,transition_probability_1.7,UPDRS-III(OFF),337,-0.016051057457964472,0.7704229378091866,transition_probability,0.9415339375795274,No
All_PD,Cross-sectional,transition_probability_5.7,UPDRS-III(OFF),337,0.014770610608717918,0.7882840985054936,transition_probability,0.9415339375795274,No
All_PD,Cross-sectional,transition_probability_2.2,UPDRS-III(OFF),337,0.013189733618386901,0.8104888510453571,transition_probability,0.9415339375795274,No
All_PD,Cross-sectional,transition_probability_1.5,UPDRS-III(OFF),337,0.01288355724152791,0.8148075645488897,transition_probability,0.9415339375795274,No
All_PD,Cross-sectional,transition_probability_5.5,UPDRS-III(OFF),337,-0.010087271018537812,0.8544936549187895,transition_probability,0.9415339375795274,No
All_PD,Cross-sectional,transition_probability_2.6,UPDRS-III(OFF),337,0.006715292341781032,0.90283314964108,transition_probability,0.9415339375795274,No
All_PD,Cross-sectional,transition_probability_4.1,UPDRS-III(OFF),337,0.006445826128056809,0.9067140830037878,transition_probability,0.9415339375795274,No
All_PD,Cross-sectional,transition_probability_7.6,UPDRS-III(OFF),337,0.005626954889391232,0.9185209449006636,transition_probability,0.9415339375795274,No
All_PD,Cross-sectional,transition_probability_5.3,UPDRS-III(OFF),337,0.004343215940581817,0.9370655508447069,transition_probability,0.9415339375795274,No
All_PD,Cross-sectional,transition_probability_7.1,UPDRS-III(OFF),337,0.004310571946031068,0.9375376049645374,transition_probability,0.9415339375795274,No
All_PD,Cross-sectional,transition_probability_2.7,UPDRS-III(OFF),337,-0.0040342726489611055,0.9415339375795274,transition_probability,0.9415339375795274,No
All_PD,Longitudinal,Delta_counts_CAP-7,Delta_UPDRS,235,0.10673220824128542,0.10565953895155124,counts,0.5006804919753196,No
All_PD,Longitudinal,Delta_counts_CAP-3,Delta_UPDRS,235,0.08289639700389818,0.20939057640458733,counts,0.5006804919753196,No
All_PD,Longitudinal,Delta_counts_CAP-6,Delta_UPDRS,235,0.07512151472450375,0.25547057297638004,counts,0.5006804919753196,No
All_PD,Longitudinal,Delta_counts_CAP-5,Delta_UPDRS,235,-0.06077283327361419,0.3578306338893517,counts,0.5006804919753196,No
All_PD,Longitudinal,Delta_counts_CAP-2,Delta_UPDRS,235,-0.055591094972147544,0.4003599298328895,counts,0.5006804919753196,No
All_PD,Longitudinal,Delta_counts_CAP-4,Delta_UPDRS,235,-0.052268197206298515,0.42915470740741674,counts,0.5006804919753196,No
All_PD,Longitudinal,Delta_counts_CAP-1,Delta_UPDRS,235,-0.025499874336863567,0.6998486452746095,counts,0.6998486452746095,No
All_PD,Longitudinal,Delta_persistence_CAP-7,Delta_UPDRS,235,-0.11711421239469696,0.07565976562399918,persistence,0.5296183593679943,No
All_PD,Longitudinal,Delta_persistence_CAP-4,Delta_UPDRS,235,-0.0866812628652024,0.18926162748431524,persistence,0.6122781941172517,No
All_PD,Longitudinal,Delta_persistence_CAP-5,Delta_UPDRS,235,0.06471974937787954,0.32740901170026077,persistence,0.6122781941172517,No
All_PD,Longitudinal,Delta_persistence_CAP-1,Delta_UPDRS,235,0.0499795056633443,0.4496644582800021,persistence,0.6122781941172517,No
All_PD,Longitudinal,Delta_persistence_CAP-6,Delta_UPDRS,235,-0.047878214184227975,0.46897135308866533,persistence,0.6122781941172517,No
All_PD,Longitudinal,Delta_persistence_CAP-3,Delta_UPDRS,235,-0.042051958734561995,0.52480988067193,persistence,0.6122781941172517,No
All_PD,Longitudinal,Delta_persistence_CAP-2,Delta_UPDRS,235,0.021191421072584173,0.7486875030525291,persistence,0.7486875030525291,No
All_PD,Longitudinal,Delta_temporal_fraction_CAP-4,Delta_UPDRS,235,-0.08680548120922045,0.18862590071136748,temporal,0.9531750765517981,No
All_PD,Longitudinal,Delta_temporal_fraction_CAP-7,Delta_UPDRS,235,0.04970489518785376,0.4521618912284437,temporal,0.9531750765517981,No
All_PD,Longitudinal,Delta_temporal_fraction_CAP-3,Delta_UPDRS,235,0.027722414913393847,0.6751144736029164,temporal,0.9531750765517981,No
All_PD,Longitudinal,Delta_temporal_fraction_CAP-6,Delta_UPDRS,235,0.02595814340807505,0.6947216608383948,temporal,0.9531750765517981,No
All_PD,Longitudinal,Delta_temporal_fraction_CAP-2,Delta_UPDRS,235,-0.01895002997878384,0.774511406371692,temporal,0.9531750765517981,No
All_PD,Longitudinal,Delta_temporal_fraction_CAP-5,Delta_UPDRS,235,-0.004700525329001466,0.943354272074358,temporal,0.9531750765517981,No
All_PD,Longitudinal,Delta_temporal_fraction_CAP-1,Delta_UPDRS,235,-0.0038845549930922713,0.9531750765517981,temporal,0.9531750765517981,No
All_PD,Longitudinal,Delta_transition_frequency,Delta_UPDRS,235,0.005681916426994629,0.9315539604283241,transition_frequency,0.9315539604283241,No
All_PD,Longitudinal,Delta_transition_probability_2.5,Delta_UPDRS,235,-0.18230097545989857,0.00545214891575265,transition_probability,0.2671552968718799,No
All_PD,Longitudinal,Delta_transition_probability_6.2,Delta_UPDRS,235,-0.15689003983406166,0.01701498485413444,transition_probability,0.41686712892629385,No
All_PD,Longitudinal,Delta_transition_probability_6.7,Delta_UPDRS,235,0.13678044032577952,0.037766620703369495,transition_probability,0.47862550087570216,No
All_PD,Longitudinal,Delta_transition_probability_6.3,Delta_UPDRS,235,0.135870802737419,0.03907146945924099,transition_probability,0.47862550087570216,No
All_PD,Longitudinal,Delta_transition_probability_3.6,Delta_UPDRS,235,0.12285835016646074,0.06229023088887716,transition_probability,0.6104442627109962,No
All_PD,Longitudinal,Delta_transition_probability_3.1,Delta_UPDRS,235,-0.111833987850017,0.08991759039480599,transition_probability,0.6512658744846919,No
All_PD,Longitudinal,Delta_transition_probability_2.3,Delta_UPDRS,235,0.1060084436670842,0.10805880746394028,transition_probability,0.6512658744846919,No
All_PD,Longitudinal,Delta_transition_probability_5.4,Delta_UPDRS,235,0.1005765431015428,0.12745724965305746,transition_probability,0.6512658744846919,No
All_PD,Longitudinal,Delta_transition_probability_7.7,Delta_UPDRS,235,-0.10036260634330568,0.1282730364448084,transition_probability,0.6512658744846919,No
All_PD,Longitudinal,Delta_transition_probability_4.4,Delta_UPDRS,235,-0.09875427735311984,0.13453562331990576,transition_probability,0.6512658744846919,No
All_PD,Longitudinal,Delta_transition_probability_1.4,Delta_UPDRS,235,-0.09590515993944773,0.1462025432516655,transition_probability,0.6512658744846919,No
All_PD,Longitudinal,Delta_transition_probability_2.7,Delta_UPDRS,235,0.08774778774767515,0.18385423019307265,transition_probability,0.7507381066217134,No
All_PD,Longitudinal,Delta_transition_probability_7.1,Delta_UPDRS,235,0.07453780752182404,0.2591927035347042,transition_probability,0.9032673011915042,No
All_PD,Longitudinal,Delta_transition_probability_3.7,Delta_UPDRS,235,0.07199425297532946,0.27584677375846534,transition_probability,0.9032673011915042,No
All_PD,Longitudinal,Delta_transition_probability_4.6,Delta_UPDRS,235,0.07145203537125473,0.27948871127377356,transition_probability,0.9032673011915042,No
All_PD,Longitudinal,Delta_transition_probability_6.1,Delta_UPDRS,235,0.059292403511100496,0.3696829495386764,transition_probability,0.9032673011915042,No
All_PD,Longitudinal,Delta_transition_probability_3.4,Delta_UPDRS,235,-0.058214320915589875,0.3784647778892117,transition_probability,0.9032673011915042,No
All_PD,Longitudinal,Delta_transition_probability_7.6,Delta_UPDRS,235,0.055801360002976676,0.39857753265749457,transition_probability,0.9032673011915042,No
All_PD,Longitudinal,Delta_transition_probability_5.6,Delta_UPDRS,235,-0.05579238442305029,0.39865352068358295,transition_probability,0.9032673011915042,No
All_PD,Longitudinal,Delta_transition_probability_3.5,Delta_UPDRS,235,0.05067875966720889,0.4433403309411544,transition_probability,0.9032673011915042,No
All_PD,Longitudinal,Delta_transition_probability_2.6,Delta_UPDRS,235,0.045787588501150264,0.4886238638187955,transition_probability,0.9032673011915042,No
All_PD,Longitudinal,Delta_transition_probability_1.6,Delta_UPDRS,235,0.04573656593899826,0.48910894128581006,transition_probability,0.9032673011915042,No
All_PD,Longitudinal,Delta_transition_probability_4.7,Delta_UPDRS,235,0.04524141606778879,0.49382974426697696,transition_probability,0.9032673011915042,No
All_PD,Longitudinal,Delta_transition_probability_7.3,Delta_UPDRS,235,0.04425585099456623,0.5032978414348953,transition_probability,0.9032673011915042,No
All_PD,Longitudinal,Delta_transition_probability_3.3,Delta_UPDRS,235,-0.0425889080424356,0.5195259946838341,transition_probability,0.9032673011915042,No
All_PD,Longitudinal,Delta_transition_probability_7.4,Delta_UPDRS,235,-0.0402913092394935,0.5423253610550973,transition_probability,0.9032673011915042,No
All_PD,Longitudinal,Delta_transition_probability_5.5,Delta_UPDRS,235,0.03920711947696543,0.553253400358995,transition_probability,0.9032673011915042,No
All_PD,Longitudinal,Delta_transition_probability_3.2,Delta_UPDRS,235,-0.038365040623701295,0.5618144128938125,transition_probability,0.9032673011915042,No
All_PD,Longitudinal,Delta_transition_probability_1.1,Delta_UPDRS,235,0.03802936966763766,0.5652446620767312,transition_probability,0.9032673011915042,No
All_PD,Longitudinal,Delta_transition_probability_2.1,Delta_UPDRS,235,-0.037234858361722745,0.5734034524231285,transition_probability,0.9032673011915042,No
All_PD,Longitudinal,Delta_transition_probability_1.2,Delta_UPDRS,235,0.035938004566047746,0.5868386624482175,transition_probability,0.9032673011915042,No
All_PD,Longitudinal,Delta_transition_probability_7.2,Delta_UPDRS,235,0.03537546751899153,0.5927111686436255,transition_probability,0.9032673011915042,No
All_PD,Longitudinal,Delta_transition_probability_6.6,Delta_UPDRS,235,-0.03298185283542974,0.6179927618608618,transition_probability,0.9032673011915042,No
All_PD,Longitudinal,Delta_transition_probability_1.5,Delta_UPDRS,235,-0.0321621590882264,0.6267569028675744,transition_probability,0.9032673011915042,No
All_PD,Longitudinal,Delta_transition_probability_4.5,Delta_UPDRS,235,0.027561313393423232,0.676896055717777,transition_probability,0.924471053611069,No
All_PD,Longitudinal,Delta_transition_probability_1.7,Delta_UPDRS,235,-0.02661716906193589,0.6873729756586257,transition_probability,0.924471053611069,No
All_PD,Longitudinal,Delta_transition_probability_2.4,Delta_UPDRS,235,0.024329685696938556,0.7130017152604805,transition_probability,0.924471053611069,No
All_PD,Longitudinal,Delta_transition_probability_5.1,Delta_UPDRS,235,-0.023981080884294948,0.716936735453482,transition_probability,0.924471053611069,No
All_PD,Longitudinal,Delta_transition_probability_5.7,Delta_UPDRS,235,-0.02042948895096123,0.7574362503287699,transition_probability,0.9315607601766891,No
All_PD,Longitudinal,Delta_transition_probability_6.5,Delta_UPDRS,235,0.01776046235236306,0.7883202492519381,transition_probability,0.9315607601766891,No
All_PD,Longitudinal,Delta_transition_probability_4.1,Delta_UPDRS,235,0.016180858909074333,0.8067586708585849,transition_probability,0.9315607601766891,No
All_PD,Longitudinal,Delta_transition_probability_2.2,Delta_UPDRS,235,0.014851451229793611,0.8223601712512857,transition_probability,0.9315607601766891,No
All_PD,Longitudinal,Delta_transition_probability_5.2,Delta_UPDRS,235,-0.01147663884301569,0.8622668537252468,transition_probability,0.9315607601766891,No
All_PD,Longitudinal,Delta_transition_probability_5.3,Delta_UPDRS,235,-0.01133244973936075,0.8639804340783593,transition_probability,0.9315607601766891,No
All_PD,Longitudinal,Delta_transition_probability_7.5,Delta_UPDRS,235,0.010760316422123358,0.8707860033511902,transition_probability,0.9315607601766891,No
All_PD,Longitudinal,Delta_transition_probability_1.3,Delta_UPDRS,235,-0.01044620781980702,0.8745264279209735,transition_probability,0.9315607601766891,No
All_PD,Longitudinal,Delta_transition_probability_6.4,Delta_UPDRS,235,0.007781896891345491,0.9063570614317924,transition_probability,0.939491821146852,No
All_PD,Longitudinal,Delta_transition_probability_4.3,Delta_UPDRS,235,-0.006617482037425475,0.9203185186744672,transition_probability,0.939491821146852,No
All_PD,Longitudinal,Delta_transition_probability_4.2,Delta_UPDRS,235,-6.197652742023637e-05,0.9992525005813121,transition_probability,0.9992525005813121,No
Non-responder,Longitudinal,Delta_counts_CAP-3,Delta_UPDRS,93,0.27345369917172785,0.009516782805466495,counts,0.06661747963826548,No
Non-responder,Longitudinal,Delta_counts_CAP-5,Delta_UPDRS,93,-0.22584048369434356,0.0333344722498504,counts,0.08895096333824004,No
Non-responder,Longitudinal,Delta_counts_CAP-1,Delta_UPDRS,93,-0.22020228139791886,0.0381218414306743,counts,0.08895096333824004,No
Non-responder,Longitudinal,Delta_counts_CAP-6,Delta_UPDRS,93,0.19926102617061048,0.061196815942754695,counts,0.10709442789982072,No
Non-responder,Longitudinal,Delta_counts_CAP-7,Delta_UPDRS,93,0.1738649427735012,0.10320981197629406,counts,0.14449373676681168,No
Non-responder,Longitudinal,Delta_counts_CAP-2,Delta_UPDRS,93,0.11731579783887784,0.27356253425774624,counts,0.3191562899673706,No
Non-responder,Longitudinal,Delta_counts_CAP-4,Delta_UPDRS,93,-0.009719771046768072,0.9279677764959077,counts,0.9279677764959077,No
Non-responder,Longitudinal,Delta_persistence_CAP-4,Delta_UPDRS,93,-0.2242789010926512,0.03460684413093883,persistence,0.2422479089165718,No
Non-responder,Longitudinal,Delta_persistence_CAP-2,Delta_UPDRS,93,0.1503330584372102,0.15966602934922516,persistence,0.44122722862612274,No
Non-responder,Longitudinal,Delta_persistence_CAP-1,Delta_UPDRS,93,0.13111709058905185,0.22066366294705633,persistence,0.44122722862612274,No
Non-responder,Longitudinal,Delta_persistence_CAP-3,Delta_UPDRS,93,-0.12266504750878753,0.252129844929213,persistence,0.44122722862612274,No
Non-responder,Longitudinal,Delta_persistence_CAP-7,Delta_UPDRS,93,-0.08884381455238209,0.4077037573532383,persistence,0.5707852602945337,No
Non-responder,Longitudinal,Delta_persistence_CAP-6,Delta_UPDRS,93,-0.0723047893302987,0.5007174597952351,persistence,0.5841703697611076,No
Non-responder,Longitudinal,Delta_persistence_CAP-5,Delta_UPDRS,93,0.019311392026234574,0.8574472963107401,persistence,0.8574472963107401,No
Non-responder,Longitudinal,Delta_temporal_fraction_CAP-5,Delta_UPDRS,93,-0.17983716807078204,0.09172351817763494,temporal,0.30566534239044374,No
Non-responder,Longitudinal,Delta_temporal_fraction_CAP-4,Delta_UPDRS,93,-0.17553386236961574,0.0998924119236396,temporal,0.30566534239044374,No
Non-responder,Longitudinal,Delta_temporal_fraction_CAP-2,Delta_UPDRS,93,0.16130798536233265,0.13099943245304732,temporal,0.30566534239044374,No
Non-responder,Longitudinal,Delta_temporal_fraction_CAP-7,Delta_UPDRS,93,0.10630485985220404,0.3214347537305054,temporal,0.4700343309705095,No
Non-responder,Longitudinal,Delta_temporal_fraction_CAP-6,Delta_UPDRS,93,0.10322372991487495,0.33573880783607823,temporal,0.4700343309705095,No
Non-responder,Longitudinal,Delta_temporal_fraction_CAP-3,Delta_UPDRS,93,0.05336499930549548,0.6194136143112909,temporal,0.7226492166965062,No
Non-responder,Longitudinal,Delta_temporal_fraction_CAP-1,Delta_UPDRS,93,-0.03688093211287606,0.7314990059217487,temporal,0.7314990059217487,No
Non-responder,Longitudinal,Delta_transition_frequency,Delta_UPDRS,93,0.06011520932326116,0.5757420394199189,transition_frequency,0.5757420394199189,No
Non-responder,Longitudinal,Delta_transition_probability_2.5,Delta_UPDRS,93,-0.3457986139668735,0.0009028756721864209,transition_probability,0.04424090793713463,Yes
Non-responder,Longitudinal,Delta_transition_probability_1.4,Delta_UPDRS,93,-0.3255004223304179,0.001854571925711307,transition_probability,0.045437012179927024,Yes
Non-responder,Longitudinal,Delta_transition_probability_3.6,Delta_UPDRS,93,0.23457439048772852,0.026921282269754307,transition_probability,0.4311238115546602,No
Non-responder,Longitudinal,Delta_transition_probability_4.4,Delta_UPDRS,93,-0.22357474936386687,0.0351937805350743,transition_probability,0.4311238115546602,No
Non-responder,Longitudinal,Delta_transition_probability_2.1,Delta_UPDRS,93,-0.19774802660371524,0.06323048999238744,transition_probability,0.5958288210365665,No
Non-responder,Longitudinal,Delta_transition_probability_6.3,Delta_UPDRS,93,0.18395874463802103,0.08440316804432663,transition_probability,0.5958288210365665,No
Non-responder,Longitudinal,Delta_transition_probability_7.3,Delta_UPDRS,93,0.1790435438324776,0.09318899610578744,transition_probability,0.5958288210365665,No
Non-responder,Longitudinal,Delta_transition_probability_6.1,Delta_UPDRS,93,-0.16425361424003793,0.12401757668545815,transition_probability,0.5958288210365665,No
Non-responder,Longitudinal,Delta_transition_probability_5.2,Delta_UPDRS,93,0.15293315976342095,0.15248625287133266,transition_probability,0.5958288210365665,No
Non-responder,Longitudinal,Delta_transition_probability_3.1,Delta_UPDRS,93,-0.14964269004132386,0.1616139199898781,transition_probability,0.5958288210365665,No
Non-responder,Longitudinal,Delta_transition_probability_4.3,Delta_UPDRS,93,0.14855900070211595,0.1647070503713616,transition_probability,0.5958288210365665,No
Non-responder,Longitudinal,Delta_transition_probability_5.7,Delta_UPDRS,93,-0.146218681984664,0.17153599294979177,transition_probability,0.5958288210365665,No
Non-responder,Longitudinal,Delta_transition_probability_2.3,Delta_UPDRS,93,0.14601061169442142,0.17215306518733106,transition_probability,0.5958288210365665,No
Non-responder,Longitudinal,Delta_transition_probability_2.2,Delta_UPDRS,93,0.14283378382741885,0.18177812220361797,transition_probability,0.5958288210365665,No
Non-responder,Longitudinal,Delta_transition_probability_3.7,Delta_UPDRS,93,0.14138089719065797,0.18630845910212518,transition_probability,0.5958288210365665,No
Non-responder,Longitudinal,Delta_transition_probability_1.5,Delta_UPDRS,93,-0.13673569674110134,0.20134212388066947,transition_probability,0.5958288210365665,No
Non-responder,Longitudinal,Delta_transition_probability_1.1,Delta_UPDRS,93,0.1351357641805187,0.20671612158411493,transition_probability,0.5958288210365665,No
Non-responder,Longitudinal,Delta_transition_probability_7.6,Delta_UPDRS,93,-0.11912975090906586,0.266161623671323,transition_probability,0.6892108129478518,No
Non-responder,Longitudinal,Delta_transition_probability_4.6,Delta_UPDRS,93,0.11886210642310066,0.26724500910222826,transition_probability,0.6892108129478518,No
Non-responder,Longitudinal,Delta_transition_probability_3.3,Delta_UPDRS,93,-0.11186276947108055,0.2966368544025135,transition_probability,0.726760293286158,No
Non-responder,Longitudinal,Delta_transition_probability_2.4,Delta_UPDRS,93,0.10485382710577222,0.3281216955322702,transition_probability,0.7368361622908551,No
Non-responder,Longitudinal,Delta_transition_probability_5.3,Delta_UPDRS,93,-0.10022991026524307,0.3500170787656547,transition_probability,0.7368361622908551,No
Non-responder,Longitudinal,Delta_transition_probability_4.7,Delta_UPDRS,93,0.09897498405869158,0.3561130747945675,transition_probability,0.7368361622908551,No
Non-responder,Longitudinal,Delta_transition_probability_3.4,Delta_UPDRS,93,0.09443761578235665,0.3786980664232111,transition_probability,0.7368361622908551,No
Non-responder,Longitudinal,Delta_transition_probability_7.7,Delta_UPDRS,93,-0.09281244366210468,0.3869936069299265,transition_probability,0.7368361622908551,No
Non-responder,Longitudinal,Delta_transition_probability_2.6,Delta_UPDRS,93,0.09204001425530997,0.3909742901951476,transition_probability,0.7368361622908551,No
Non-responder,Longitudinal,Delta_transition_probability_4.2,Delta_UPDRS,93,0.08236861643736185,0.4428530887843088,transition_probability,0.8036963463122642,No
Non-responder,Longitudinal,Delta_transition_probability_1.6,Delta_UPDRS,93,-0.06824388295242254,0.5251338690122318,transition_probability,0.8348198140789806,No
Non-responder,Longitudinal,Delta_transition_probability_7.2,Delta_UPDRS,93,0.06303309228340435,0.5573174321256963,transition_probability,0.8348198140789806,No
Non-responder,Longitudinal,Delta_transition_probability_1.3,Delta_UPDRS,93,0.0601742520947054,0.5753664361087734,transition_probability,0.8348198140789806,No
Non-responder,Longitudinal,Delta_transition_probability_4.5,Delta_UPDRS,93,0.059663734799100525,0.5786178699357767,transition_probability,0.8348198140789806,No
Non-responder,Longitudinal,Delta_transition_probability_7.1,Delta_UPDRS,93,-0.058784240195254994,0.584239093979293,transition_probability,0.8348198140789806,No
Non-responder,Longitudinal,Delta_transition_probability_1.7,Delta_UPDRS,93,0.05660772150360464,0.5982563984342189,transition_probability,0.8348198140789806,No
Non-responder,Longitudinal,Delta_transition_probability_7.4,Delta_UPDRS,93,-0.05598840031339185,0.6022722141051423,transition_probability,0.8348198140789806,No
Non-responder,Longitudinal,Delta_transition_probability_6.6,Delta_UPDRS,93,-0.05463340060123701,0.6110996644897881,transition_probability,0.8348198140789806,No
Non-responder,Longitudinal,Delta_transition_probability_6.2,Delta_UPDRS,93,-0.05429133466317731,0.6133370062621083,transition_probability,0.8348198140789806,No
Non-responder,Longitudinal,Delta_transition_probability_3.5,Delta_UPDRS,93,-0.041463975127355016,0.6996399438919417,transition_probability,0.879000946227514,No
Non-responder,Longitudinal,Delta_transition_probability_6.5,Delta_UPDRS,93,0.039910474831549914,0.7103842669425666,transition_probability,0.879000946227514,No
Non-responder,Longitudinal,Delta_transition_probability_7.5,Delta_UPDRS,93,-0.03986569183337958,0.7106948476814903,transition_probability,0.879000946227514,No
Non-responder,Longitudinal,Delta_transition_probability_6.4,Delta_UPDRS,93,-0.03887869735766808,0.717551792838787,transition_probability,0.879000946227514,No
Non-responder,Longitudinal,Delta_transition_probability_5.1,Delta_UPDRS,93,-0.03409114483465234,0.7511215205995813,transition_probability,0.8872227341389715,No
Non-responder,Longitudinal,Delta_transition_probability_1.2,Delta_UPDRS,93,0.03276912276078305,0.7604766292619755,transition_probability,0.8872227341389715,No
Non-responder,Longitudinal,Delta_transition_probability_2.7,Delta_UPDRS,93,0.02377888142548315,0.8249448606042764,transition_probability,0.932722788770219,No
Non-responder,Longitudinal,Delta_transition_probability_6.7,Delta_UPDRS,93,-0.020738399581526543,0.8470367839667675,transition_probability,0.932722788770219,No
Non-responder,Longitudinal,Delta_transition_probability_3.2,Delta_UPDRS,93,-0.01709628863551489,0.8736549795820082,transition_probability,0.932722788770219,No
Non-responder,Longitudinal,Delta_transition_probability_4.1,Delta_UPDRS,93,-0.01682859850078803,0.8756173119067362,transition_probability,0.932722788770219,No
Non-responder,Longitudinal,Delta_transition_probability_5.5,Delta_UPDRS,93,0.010814303170634329,0.9198817961546486,transition_probability,0.9426054363153178,No
Non-responder,Longitudinal,Delta_transition_probability_5.4,Delta_UPDRS,93,0.010342196157555432,0.9233685906762297,transition_probability,0.9426054363153178,No
Non-responder,Longitudinal,Delta_transition_probability_5.6,Delta_UPDRS,93,-0.0034410924434272166,0.9744685644406981,transition_probability,0.9744685644406981,No
Responder,Longitudinal,Delta_counts_CAP-3,Delta_UPDRS,142,0.05370077965980433,0.531606967733158,counts,0.960360597745749,No
Responder,Longitudinal,Delta_counts_CAP-5,Delta_UPDRS,142,0.049302878465428364,0.5657926037077866,counts,0.960360597745749,No
Responder,Longitudinal,Delta_counts_CAP-7,Delta_UPDRS,142,-0.029812365050154353,0.7285104681467709,counts,0.960360597745749,No
Responder,Longitudinal,Delta_counts_CAP-6,Delta_UPDRS,142,-0.02651847771717381,0.7575175627176283,counts,0.960360597745749,No
Responder,Longitudinal,Delta_counts_CAP-1,Delta_UPDRS,142,0.019972441191785754,0.8161402644696351,counts,0.960360597745749,No
Responder,Longitudinal,Delta_counts_CAP-4,Delta_UPDRS,142,-0.019196268259283077,0.8231662266392133,counts,0.960360597745749,No
Responder,Longitudinal,Delta_counts_CAP-2,Delta_UPDRS,142,0.0010848111742751945,0.9899247942599565,counts,0.9899247942599565,No
Responder,Longitudinal,Delta_persistence_CAP-7,Delta_UPDRS,142,-0.10399425035860589,0.22480961408950348,persistence,0.8581659999708188,No
Responder,Longitudinal,Delta_persistence_CAP-6,Delta_UPDRS,142,-0.08352266699530853,0.33008258050435485,persistence,0.8581659999708188,No
Responder,Longitudinal,Delta_persistence_CAP-4,Delta_UPDRS,142,-0.07725470704645766,0.3677854285589223,persistence,0.8581659999708188,No
Responder,Longitudinal,Delta_persistence_CAP-3,Delta_UPDRS,142,0.040581425867465354,0.636511201799857,persistence,0.9410427388258895,No
Responder,Longitudinal,Delta_persistence_CAP-2,Delta_UPDRS,142,0.011224631188783642,0.8960408868932543,persistence,0.9410427388258895,No
Responder,Longitudinal,Delta_persistence_CAP-1,Delta_UPDRS,142,0.009276345400096156,0.9140087835289861,persistence,0.9410427388258895,No
Responder,Longitudinal,Delta_persistence_CAP-5,Delta_UPDRS,142,0.006353565531258183,0.9410427388258895,persistence,0.9410427388258895,No
Responder,Longitudinal,Delta_temporal_fraction_CAP-3,Delta_UPDRS,142,0.10191660794412072,0.23425912557900264,temporal,0.8479636326781945,No
Responder,Longitudinal,Delta_temporal_fraction_CAP-6,Delta_UPDRS,142,-0.10019968691975469,0.24227532362234128,temporal,0.8479636326781945,No
Responder,Longitudinal,Delta_temporal_fraction_CAP-7,Delta_UPDRS,142,-0.07518107875112767,0.38082049463055306,temporal,0.8885811541379572,No
Responder,Longitudinal,Delta_temporal_fraction_CAP-4,Delta_UPDRS,142,-0.04296956674503099,0.6167808430624845,temporal,0.9156292205057333,No
Responder,Longitudinal,Delta_temporal_fraction_CAP-2,Delta_UPDRS,142,0.025636019515864576,0.7653484280878259,temporal,0.9156292205057333,No
Responder,Longitudinal,Delta_temporal_fraction_CAP-5,Delta_UPDRS,142,0.014341095713352221,0.8674126023568345,temporal,0.9156292205057333,No
Responder,Longitudinal,Delta_temporal_fraction_CAP-1,Delta_UPDRS,142,-0.009100885500983497,0.9156292205057333,temporal,0.9156292205057333,No
Responder,Longitudinal,Delta_transition_frequency,Delta_UPDRS,142,0.01924355439506754,0.8227377825313512,transition_frequency,0.8227377825313512,No
Responder,Longitudinal,Delta_transition_probability_6.7,Delta_UPDRS,142,0.1819777217142405,0.03266479042614453,transition_probability,0.7646265378933155,No
Responder,Longitudinal,Delta_transition_probability_5.6,Delta_UPDRS,142,-0.18048340895079676,0.034146026054303766,transition_probability,0.7646265378933155,No
Responder,Longitudinal,Delta_transition_probability_6.3,Delta_UPDRS,142,0.16157722139465955,0.058318291065201054,transition_probability,0.7646265378933155,No
Responder,Longitudinal,Delta_transition_probability_7.6,Delta_UPDRS,142,0.1506946420459414,0.0776901837289202,transition_probability,0.7646265378933155,No
Responder,Longitudinal,Delta_transition_probability_6.2,Delta_UPDRS,142,-0.14848842010283347,0.08218850688758036,transition_probability,0.7646265378933155,No
Responder,Longitudinal,Delta_transition_probability_5.4,Delta_UPDRS,142,0.14328452737954195,0.09362773933387536,transition_probability,0.7646265378933155,No
Responder,Longitudinal,Delta_transition_probability_1.7,Delta_UPDRS,142,-0.11736480541957475,0.1703979030179385,transition_probability,0.9791696492276609,No
Responder,Longitudinal,Delta_transition_probability_6.1,Delta_UPDRS,142,0.10801465888780827,0.20729580272920398,transition_probability,0.9791696492276609,No
Responder,Longitudinal,Delta_transition_probability_7.7,Delta_UPDRS,142,-0.09171430957717353,0.2846841863884188,transition_probability,0.9791696492276609,No
Responder,Longitudinal,Delta_transition_probability_2.7,Delta_UPDRS,142,0.08327808100044919,0.33150570460220324,transition_probability,0.9791696492276609,No
Responder,Longitudinal,Delta_transition_probability_5.1,Delta_UPDRS,142,-0.08098392989804462,0.345044751250817,transition_probability,0.9791696492276609,No
Responder,Longitudinal,Delta_transition_probability_4.4,Delta_UPDRS,142,-0.07959378608641286,0.3534160017047609,transition_probability,0.9791696492276609,No
Responder,Longitudinal,Delta_transition_probability_5.2,Delta_UPDRS,142,0.07913155302900836,0.35622740013251675,transition_probability,0.9791696492276609,No
Responder,Longitudinal,Delta_transition_probability_3.1,Delta_UPDRS,142,-0.07872403007902239,0.35871757078342015,transition_probability,0.9791696492276609,No
Responder,Longitudinal,Delta_transition_probability_6.6,Delta_UPDRS,142,-0.07495846378954918,0.38223636114256526,transition_probability,0.9791696492276609,No
Responder,Longitudinal,Delta_transition_probability_2.5,Delta_UPDRS,142,-0.07354527381914998,0.3912987120380749,transition_probability,0.9791696492276609,No
Responder,Longitudinal,Delta_transition_probability_7.5,Delta_UPDRS,142,0.07298256536436626,0.394942798708079,transition_probability,0.9791696492276609,No
Responder,Longitudinal,Delta_transition_probability_2.1,Delta_UPDRS,142,0.06397392431276064,0.455998702374466,transition_probability,0.9791696492276609,No
Responder,Longitudinal,Delta_transition_probability_1.5,Delta_UPDRS,142,0.06206133030604781,0.4696051946050259,transition_probability,0.9791696492276609,No
Responder,Longitudinal,Delta_transition_probability_1.3,Delta_UPDRS,142,0.05900284621424532,0.4918174119763094,transition_probability,0.9791696492276609,No
Responder,Longitudinal,Delta_transition_probability_1.6,Delta_UPDRS,142,0.05681719004873298,0.5080258550022335,transition_probability,0.9791696492276609,No
Responder,Longitudinal,Delta_transition_probability_4.1,Delta_UPDRS,142,0.05486743729797984,0.5227153279966613,transition_probability,0.9791696492276609,No
Responder,Longitudinal,Delta_transition_probability_3.6,Delta_UPDRS,142,0.05416289239094818,0.528075944555718,transition_probability,0.9791696492276609,No
Responder,Longitudinal,Delta_transition_probability_7.1,Delta_UPDRS,142,0.05100002178900055,0.5524774199079919,transition_probability,0.9791696492276609,No
Responder,Longitudinal,Delta_transition_probability_2.3,Delta_UPDRS,142,0.050475004118714195,0.5565802349307006,transition_probability,0.9791696492276609,No
Responder,Longitudinal,Delta_transition_probability_2.6,Delta_UPDRS,142,-0.04920306284497385,0.5665804419323851,transition_probability,0.9791696492276609,No
Responder,Longitudinal,Delta_transition_probability_5.3,Delta_UPDRS,142,0.042604296314754056,0.6197814340226595,transition_probability,0.9791696492276609,No
Responder,Longitudinal,Delta_transition_probability_3.7,Delta_UPDRS,142,-0.039004593656716276,0.6496810144782637,transition_probability,0.9791696492276609,No
Responder,Longitudinal,Delta_transition_probability_1.4,Delta_UPDRS,142,0.03668180898307529,0.6692788704583151,transition_probability,0.9791696492276609,No
Responder,Longitudinal,Delta_transition_probability_4.7,Delta_UPDRS,142,-0.03618506001871243,0.6734997000651477,transition_probability,0.9791696492276609,No
Responder,Longitudinal,Delta_transition_probability_1.2,Delta_UPDRS,142,0.029137682142591187,0.7344222648448027,transition_probability,0.9791696492276609,No
Responder,Longitudinal,Delta_transition_probability_7.3,Delta_UPDRS,142,-0.028296522409060162,0.741814608529772,transition_probability,0.9791696492276609,No
Responder,Longitudinal,Delta_transition_probability_6.4,Delta_UPDRS,142,0.027202622461273113,0.7514633610824415,transition_probability,0.9791696492276609,No
Responder,Longitudinal,Delta_transition_probability_7.2,Delta_UPDRS,142,0.02714243154189287,0.7519954081108106,transition_probability,0.9791696492276609,No
Responder,Longitudinal,Delta_transition_probability_4.5,Delta_UPDRS,142,-0.026119180009300476,0.7610579048339702,transition_probability,0.9791696492276609,No
Responder,Longitudinal,Delta_transition_probability_3.4,Delta_UPDRS,142,-0.025495925394911082,0.7665938199063141,transition_probability,0.9791696492276609,No
Responder,Longitudinal,Delta_transition_probability_4.2,Delta_UPDRS,142,0.018997311006433946,0.824969482537572,transition_probability,0.9791696492276609,No
Responder,Longitudinal,Delta_transition_probability_3.3,Delta_UPDRS,142,0.018435992393034294,0.8300619094157068,transition_probability,0.9791696492276609,No
Responder,Longitudinal,Delta_transition_probability_3.5,Delta_UPDRS,142,-0.0167766229337412,0.8451566864258457,transition_probability,0.9791696492276609,No
Responder,Longitudinal,Delta_transition_probability_1.1,Delta_UPDRS,142,-0.011846449142726739,0.8903168652238365,transition_probability,0.9791696492276609,No
Responder,Longitudinal,Delta_transition_probability_4.6,Delta_UPDRS,142,0.010083150026831675,0.9065622954994692,transition_probability,0.9791696492276609,No
Responder,Longitudinal,Delta_transition_probability_4.3,Delta_UPDRS,142,-0.008380570808018848,0.9222851552344855,transition_probability,0.9791696492276609,No
Responder,Longitudinal,Delta_transition_probability_3.2,Delta_UPDRS,142,0.007272502068386308,0.9325344152383348,transition_probability,0.9791696492276609,No
Responder,Longitudinal,Delta_transition_probability_5.5,Delta_UPDRS,142,-0.0071458455116333785,0.9337066821696415,transition_probability,0.9791696492276609,No
Responder,Longitudinal,Delta_transition_probability_6.5,Delta_UPDRS,142,0.006188579549927068,0.9425710572054997,transition_probability,0.9791696492276609,No
Responder,Longitudinal,Delta_transition_probability_2.2,Delta_UPDRS,142,0.0061510950342709364,0.9429183177216373,transition_probability,0.9791696492276609,No
Responder,Longitudinal,Delta_transition_probability_7.4,Delta_UPDRS,142,0.0055285058269391495,0.9486875695309567,transition_probability,0.9791696492276609,No
Responder,Longitudinal,Delta_transition_probability_2.4,Delta_UPDRS,142,0.003151192922812305,0.9707389521415098,transition_probability,0.9791696492276609,No
Responder,Longitudinal,Delta_transition_probability_5.7,Delta_UPDRS,142,0.002243025403523635,0.9791696492276609,transition_probability,0.9791696492276609,No
